id,rating_count,last_scraped_date
224517,58214,20260508
342942,60737,20260508
161936,57340,20260508
174430,67084,20260508
397598,18150,20260508
316554,58188,20260508
233078,28320,20260508
115746,25066,20260508
167791,112909,20260508
187645,36296,20260508
162886,62875,20260508
291457,40992,20260508
220308,31209,20260508
12333,51995,20260508
84876,69462,20260508
418059,19274,20260508
338960,12624,20260508
182028,34773,20260508
421006,19563,20260508
193738,43748,20260508
295770,10117,20260508
28720,27316,20260508
246900,17332,20260508
173346,108646,20260508
167355,37283,20260508
169786,93162,20260508
177736,33389,20260508
266507,11317,20260508
124361,45434,20260508
312484,56789,20260508
341169,17910,20260508
205637,47657,20260508
373106,31470,20260508
237182,63994,20260508
120677,50940,20260508
164928,35549,20260508
192135,17019,20260508
266192,112576,20260508
96848,35127,20260508
251247,21656,20260508
321608,11994,20260508
199792,68175,20260508
324856,25416,20260508
183394,55122,20260508
284378,10228,20260508
521,21061,20260508
366013,40645,20260508
285774,27701,20260508
175914,23079,20260508
247763,22956,20260508
390092,6636,20260508
365717,13808,20260508
256960,17548,20260508
253344,16831,20260508
414317,28876,20260508
383179,8393,20260508
3076,74209,20260508
184267,14899,20260508
314040,9512,20260508
295947,54933,20260508
185343,21490,20260508
102794,37260,20260508
251661,6808,20260508
31260,76668,20260508
170216,51743,20260508
231733,17988,20260508
182874,25019,20260508
240980,11328,20260508
161533,12876,20260508
221107,18286,20260508
255984,15858,20260508
371942,22526,20260508
126163,42404,20260508
2651,69492,20260508
216132,22780,20260508
205059,40270,20260508
380607,6884,20260508
244521,58976,20260508
266810,20499,20260508
367966,9945,20260508
35677,33885,20260508
125153,16486,20260508
124742,31305,20260508
200680,21200,20260508
164153,25928,20260508
337627,6896,20260508
276025,18654,20260508
366161,10023,20260508
322289,12164,20260508
209010,18374,20260508
332772,12748,20260508
284083,48530,20260508
28143,58877,20260508
436217,8615,20260508
55690,10410,20260508
157354,45165,20260508
277659,11155,20260508
230802,108051,20260508
413246,12700,20260508
201808,47365,20260508
359871,16944,20260508
93,33053,20260508
159675,12402,20260508
256916,7578,20260508
72125,29040,20260508
291453,27893,20260508
110327,59035,20260508
191189,23977,20260508
359609,5610,20260508
229853,22056,20260508
317985,17507,20260508
364073,19153,20260508
62219,22377,20260508
12,31995,20260508
279537,15619,20260508
225694,27406,20260508
68448,112562,20260508
25613,19839,20260508
121921,46688,20260508
171623,26275,20260508
163068,12606,20260508
217372,32611,20260508
391137,6917,20260508
410201,15524,20260508
155821,23056,20260508
37111,37626,20260508
310873,11867,20260508
271055,9457,20260508
310100,8314,20260508
236457,32546,20260508
42,29959,20260508
40834,34686,20260508
122515,24583,20260508
227935,10514,20260508
170042,26433,20260508
264220,14028,20260508
146021,39025,20260508
18602,29910,20260508
4098,12693,20260508
203993,15393,20260508
73439,25051,20260508
396790,8260,20260508
269385,18444,20260508
172386,13872,20260508
36218,96594,20260508
163412,73942,20260508
43015,17252,20260508
102680,18866,20260508
218417,6681,20260508
12493,19551,20260508
144733,18898,20260508
391163,21061,20260508
429293,9393,20260508
205896,23298,20260508
175640,7956,20260508
196340,13765,20260508
254640,34917,20260508
175155,10004,20260508
325494,6976,20260508
198928,11834,20260508
233371,16097,20260508
178900,103791,20260508
180263,23162,20260508
189932,10791,20260508
172287,18759,20260508
220877,16068,20260508
463,43000,20260508
258779,14077,20260508
304783,10598,20260508
235802,4019,20260508
30549,134914,20260508
132531,33590,20260508
118048,26678,20260508
147020,47970,20260508
209418,12805,20260508
266524,30603,20260508
14996,85295,20260508
161970,24421,20260508
358661,6036,20260508
268864,14198,20260508
263918,36100,20260508
249259,12442,20260508
262712,25696,20260508
400602,5879,20260508
271324,23138,20260508
77423,25100,20260508
274364,14249,20260508
34635,55814,20260508
328871,21048,20260508
294484,9618,20260508
148949,33671,20260508
308765,10499,20260508
271896,15141,20260508
364011,5453,20260508
281259,25189,20260508
82222,11097,20260508
296151,11499,20260508
146652,13723,20260508
127023,20071,20260508
2511,22791,20260508
283948,8342,20260508
54043,58048,20260508
103885,25529,20260508
244522,27900,20260508
316377,11893,20260508
265188,9481,20260508
233398,10341,20260508
329082,14173,20260508
350184,21157,20260508
283355,10753,20260508
233867,34727,20260508
339789,9430,20260508
420033,6372,20260508
356080,3578,20260508
314491,13785,20260508
332686,5424,20260508
43111,16151,20260508
188920,14518,20260508
374173,10770,20260508
9609,10972,20260508
10630,31898,20260508
118,25360,20260508
227224,15544,20260508
199561,47698,20260508
242302,23416,20260508
416851,14029,20260508
256680,5872,20260508
342070,8012,20260508
104162,26016,20260508
39463,34885,20260508
25021,6634,20260508
299659,5027,20260508
155426,27796,20260508
300531,16011,20260508
188,18349,20260508
128882,36562,20260508
103343,36934,20260508
822,139533,20260508
31627,15129,20260508
287954,19337,20260508
282524,19887,20260508
17133,12602,20260508
148228,90020,20260508
70149,11597,20260508
171131,23748,20260508
104006,24444,20260508
269207,17052,20260508
123260,26501,20260508
215,16836,20260508
14105,9106,20260508
150376,48832,20260508
285967,11574,20260508
241451,5882,20260508
293014,16149,20260508
385761,17942,20260508
367220,22341,20260508
9209,98232,20260508
7854,10000,20260508
400366,5559,20260508
165722,12274,20260508
91,5696,20260508
367150,4004,20260508
245638,12960,20260508
182631,8817,20260508
306735,13931,20260508
188834,34552,20260508
260605,17783,20260508
295486,13385,20260508
283155,23429,20260508
54998,22785,20260508
329839,12073,20260508
126042,12654,20260508
223040,18345,20260508
224037,26581,20260508
295895,8829,20260508
232832,14125,20260508
146886,11945,20260508
195421,11167,20260508
21050,6135,20260508
221194,17188,20260508
375459,3601,20260508
129437,23374,20260508
158600,21329,20260508
3,17148,20260508
351913,6865,20260508
192291,40124,20260508
232405,12994,20260508
176189,17372,20260508
199478,19797,20260508
156129,25152,20260508
318977,19706,20260508
176494,27233,20260508
19857,14876,20260508
150145,15518,20260508
274637,10959,20260508
286096,22906,20260508
169426,22523,20260508
224783,8292,20260508
311193,8943,20260508
284189,5221,20260508
300322,6942,20260508
156546,7741,20260508
555,16065,20260508
323612,7920,20260508
270633,3403,20260508
198994,19871,20260508
297562,6172,20260508
228341,9765,20260508
194655,42149,20260508
329500,6543,20260508
421,5995,20260508
9216,11852,20260508
277085,15721,20260508
20551,14631,20260508
109276,7120,20260508
19777,5289,20260508
31481,35741,20260508
230253,6221,20260508
128621,15521,20260508
356123,10461,20260508
400314,9162,20260508
244271,5486,20260508
284653,7244,20260508
349067,3718,20260508
370591,11103,20260508
127060,10712,20260508
331106,8897,20260508
291572,9435,20260508
760,18289,20260508
204583,52942,20260508
140620,16561,20260508
298047,13259,20260508
27708,9521,20260508
2655,40328,20260508
206718,14752,20260508
318184,8713,20260508
246784,17082,20260508
144344,9567,20260508
305096,9990,20260508
223321,11453,20260508
262211,4430,20260508
27833,10480,20260508
50,50877,20260508
239188,24906,20260508
350316,6650,20260508
139976,6856,20260508
342810,4307,20260508
46213,20685,20260508
108745,26485,20260508
92828,22950,20260508
385529,9725,20260508
332800,4870,20260508
146508,28755,20260508
257499,11015,20260508
172,34299,20260508
160477,24880,20260508
111341,5452,20260508
302723,7068,20260508
333255,6137,20260508
350933,8178,20260508
5,22144,20260508
276182,4080,20260508
295374,10400,20260508
155068,10807,20260508
66589,9679,20260508
129622,71758,20260508
176734,6604,20260508
308119,3233,20260508
24181,9006,20260508
319966,8592,20260508
446497,5249,20260508
97207,15584,20260508
345972,12776,20260508
2653,27871,20260508
260180,13120,20260508
311988,4581,20260508
47,12417,20260508
38453,16536,20260508
54,21485,20260508
63888,20415,20260508
379078,8514,20260508
184921,14860,20260508
234277,7364,20260508
411567,8775,20260508
209685,27680,20260508
22545,10480,20260508
136888,12276,20260508
143693,12720,20260508
227789,9271,20260508
155873,4642,20260508
354934,4110,20260508
163967,22227,20260508
202426,6203,20260508
245655,7147,20260508
154203,25438,20260508
336986,21227,20260508
301880,6945,20260508
188866,9680,20260508
54138,7308,20260508
181279,15545,20260508
336382,4704,20260508
187617,5796,20260508
93260,11148,20260508
40692,74953,20260508
285192,10086,20260508
219650,2492,20260508
318084,13313,20260508
48726,15578,20260508
271601,6284,20260508
434654,5677,20260508
59294,8576,20260508
203420,12158,20260508
21241,15769,20260508
246192,14812,20260508
304420,7607,20260508
25292,14762,20260508
172081,12605,20260508
345584,9069,20260508
384213,6380,20260508
247367,10715,20260508
219513,20947,20260508
172818,17101,20260508
274638,5097,20260508
39856,71188,20260508
193037,10550,20260508
77130,16345,20260508
397385,4346,20260508
176920,12387,20260508
368173,7500,20260508
128271,8910,20260508
297030,6651,20260508
372,14167,20260508
40354,4049,20260508
140934,23810,20260508
45315,14307,20260508
59959,17036,20260508
13122,4720,20260508
70919,48005,20260508
155987,16776,20260508
351040,8842,20260508
8217,24358,20260508
199042,21968,20260508
246684,7369,20260508
245934,8804,20260508
181304,49089,20260508
334986,6253,20260508
417197,5513,20260508
90137,11815,20260508
357563,10299,20260508
319910,4891,20260508
408180,3926,20260508
195539,8548,20260508
146439,6612,20260508
119890,14271,20260508
303057,8262,20260508
37046,21873,20260508
315767,5922,20260508
318182,4939,20260508
334590,5294,20260508
41114,42656,20260508
171,40418,20260508
436126,6690,20260508
552,5360,20260508
269210,10201,20260508
24480,18472,20260508
25554,13811,20260508
244711,8016,20260508
290484,3836,20260508
260428,6980,20260508
163745,5710,20260508
284742,8713,20260508
177478,6792,20260508
206480,3375,20260508
386368,3362,20260508
385610,5409,20260508
365258,6848,20260508
234487,9725,20260508
15987,40426,20260508
39683,11689,20260508
9217,16559,20260508
250458,9606,20260508
192458,7642,20260508
342900,4038,20260508
335764,3460,20260508
367498,3410,20260508
322708,5845,20260508
234,5057,20260508
222509,7668,20260508
343905,6176,20260508
92415,28428,20260508
70323,75843,20260508
352515,11394,20260508
318243,7424,20260508
194594,24471,20260508
236191,7886,20260508
286751,5270,20260508
101721,8023,20260508
367041,3663,20260508
368305,3459,20260508
454103,4523,20260508
315610,4289,20260508
379629,8026,20260508
258210,6829,20260508
381297,4274,20260508
198773,25126,20260508
316412,5598,20260508
128671,9549,20260508
298069,10777,20260508
31594,12627,20260508
215311,15212,20260508
21348,9373,20260508
256226,15040,20260508
328565,5953,20260508
356033,8560,20260508
33160,9691,20260508
34219,18421,20260508
381248,2792,20260508
420087,21835,20260508
292375,5167,20260508
293141,6104,20260508
1,6011,20260508
166669,7876,20260508
138161,12606,20260508
265736,22400,20260508
151347,5711,20260508
150,11729,20260508
144592,5875,20260508
262543,18293,20260508
71,7696,20260508
325635,3652,20260508
220,16472,20260508
355093,6170,20260508
156858,7378,20260508
182134,8573,20260508
503,16431,20260508
66188,13578,20260508
338834,5339,20260508
229220,7516,20260508
100901,25376,20260508
186751,3456,20260508
17392,4041,20260508
353288,6725,20260508
170771,5405,20260508
251658,12580,20260508
27162,20115,20260508
11,51249,20260508
54625,7236,20260508
154809,5297,20260508
18833,6751,20260508
55670,7674,20260508
204305,6539,20260508
62222,3535,20260508
192153,11045,20260508
12942,30576,20260508
161614,7774,20260508
158899,35327,20260508
144189,3350,20260508
124708,20528,20260508
40765,5956,20260508
216600,7961,20260508
404431,2969,20260508
359438,3663,20260508
205398,17220,20260508
307002,8814,20260508
264241,7158,20260508
295564,2935,20260508
175095,3106,20260508
383607,4542,20260508
63628,10145,20260508
290359,4598,20260508
96913,7912,20260508
11170,8431,20260508
269144,8159,20260508
36932,7177,20260508
121,6012,20260508
256952,6207,20260508
215341,4821,20260508
243,3953,20260508
283393,8489,20260508
66362,9493,20260508
353545,7389,20260508
239942,4379,20260508
422732,6021,20260508
176396,13533,20260508
293296,6356,20260508
79828,8129,20260508
242705,2725,20260508
478,57142,20260508
169427,2829,20260508
43570,23145,20260508
194607,12669,20260508
15062,28498,20260508
256730,5603,20260508
290236,16218,20260508
180974,21964,20260508
98778,52445,20260508
20437,8129,20260508
270844,8015,20260508
274960,23206,20260508
5404,9597,20260508
226522,5590,20260508
136063,32835,20260508
340466,7220,20260508
233312,8243,20260508
137408,6457,20260508
162082,9773,20260508
21790,20861,20260508
25417,9448,20260508
157969,37882,20260508
193042,8261,20260508
6249,35595,20260508
150658,11117,20260508
83330,14021,20260508
266830,7861,20260508
13,142001,20260508
240196,5379,20260508
348450,4990,20260508
371330,2737,20260508
371433,3332,20260508
191862,16853,20260508
17226,11887,20260508
336794,6828,20260508
406652,3854,20260508
117959,12405,20260508
318009,4604,20260508
105134,8880,20260508
712,5705,20260508
245654,14800,20260508
156009,19152,20260508
284435,10134,20260508
232414,7608,20260508
387866,3183,20260508
84419,4315,20260508
142379,5878,20260508
9674,18046,20260508
197376,15355,20260508
424219,3372,20260508
144797,4747,20260508
425549,4471,20260508
177639,10882,20260508
218074,3541,20260508
153938,29171,20260508
415776,2906,20260508
28023,22259,20260508
252328,3372,20260508
62227,5202,20260508
196326,6461,20260508
97786,11495,20260508
31999,4154,20260508
31730,8678,20260508
91312,10898,20260508
18,24475,20260508
280794,4615,20260508
128996,4478,20260508
146791,4087,20260508
245961,4533,20260508
133473,52324,20260508
170624,5433,20260508
262215,6399,20260508
181530,6646,20260508
296237,4462,20260508
17405,3247,20260508
125618,14759,20260508
171668,15565,20260508
170561,6434,20260508
183251,11912,20260508
341945,2455,20260508
119506,4664,20260508
97842,10987,20260508
172308,11428,20260508
346965,6275,20260508
307305,4640,20260508
163968,10172,20260508
432,32578,20260508
90419,7613,20260508
264055,16820,20260508
127398,20829,20260508
284777,2898,20260508
147949,30850,20260508
2346,5733,20260508
206941,5964,20260508
248490,5346,20260508
221965,18262,20260508
15985,3435,20260508
362944,4831,20260508
27173,8727,20260508
102652,16469,20260508
133848,11409,20260508
256999,3121,20260508
4390,13753,20260508
65781,6673,20260508
328866,3610,20260508
475,8200,20260508
22827,7771,20260508
15363,9360,20260508
213460,7056,20260508
265402,5080,20260508
304051,6538,20260508
380619,2780,20260508
346501,5662,20260508
34119,13018,20260508
105551,8550,20260508
95527,4706,20260508
151022,4882,20260508
699,15094,20260508
232043,11806,20260508
347703,4772,20260508
281655,2392,20260508
237179,4136,20260508
27746,9265,20260508
216734,6600,20260508
133038,12925,20260508
345868,3310,20260508
131357,52129,20260508
42215,12805,20260508
36553,3772,20260508
193949,3952,20260508
46,9057,20260508
130960,2579,20260508
354570,2027,20260508
266121,4260,20260508
337765,4934,20260508
42052,5073,20260508
269511,4478,20260508
244115,5790,20260508
363247,3308,20260508
23540,2650,20260508
128780,3937,20260508
159508,7653,20260508
355483,6568,20260508
5782,22755,20260508
369880,6910,20260508
111799,3874,20260508
58421,5595,20260508
291845,4647,20260508
440540,3577,20260508
298383,4760,20260508
875,3567,20260508
370913,4988,20260508
190082,4684,20260508
329551,5095,20260508
286063,2466,20260508
192836,4470,20260508
141572,11451,20260508
298231,3749,20260508
39351,5977,20260508
403441,3557,20260508
244114,3159,20260508
270673,8980,20260508
9625,4419,20260508
153016,3467,20260508
2398,11079,20260508
224710,4696,20260508
140603,5462,20260508
399941,4170,20260508
30869,10277,20260508
135779,10602,20260508
113924,19661,20260508
123123,3437,20260508
328479,8186,20260508
334065,7336,20260508
273330,4406,20260508
6472,10734,20260508
41,21656,20260508
13004,8728,20260508
39938,7559,20260508
160010,4846,20260508
10547,49835,20260508
37904,20609,20260508
143519,7955,20260508
347305,2911,20260508
262941,2916,20260508
306040,4637,20260508
135219,3208,20260508
258036,7326,20260508
368061,4674,20260508
155703,18073,20260508
42776,5257,20260508
180593,11260,20260508
107529,24918,20260508
171499,11812,20260508
326494,5187,20260508
1353,6247,20260508
361545,5185,20260508
24508,9135,20260508
204472,6250,20260508
300905,5216,20260508
3685,4261,20260508
174785,4412,20260508
233247,7778,20260508
270239,4107,20260508
209778,23887,20260508
100423,26291,20260508
444481,2876,20260508
316624,3443,20260508
306881,3841,20260508
169255,5177,20260508
424981,2205,20260508
283864,5299,20260508
3201,7220,20260508
300300,4444,20260508
21763,19020,20260508
205359,5647,20260508
266164,3435,20260508
163839,4327,20260508
202670,5382,20260508
214880,3060,20260508
218603,25903,20260508
163166,6488,20260508
346703,13715,20260508
338957,4146,20260508
296912,11822,20260508
212445,2814,20260508
121408,8719,20260508
69789,14185,20260508
132018,3449,20260508
279613,3104,20260508
193558,5528,20260508
29603,2103,20260508
2955,6374,20260508
113294,17569,20260508
283863,4264,20260508
254708,2423,20260508
249381,4354,20260508
242639,7116,20260508
220517,4591,20260508
1513,4323,20260508
422541,1703,20260508
434906,3586,20260508
148729,4466,20260508
284760,4983,20260508
88,10091,20260508
180511,4626,20260508
231581,5280,20260508
357873,2645,20260508
301255,3910,20260508
183840,13794,20260508
318560,4042,20260508
123540,28688,20260508
198953,2555,20260508
267609,2104,20260508
71721,13725,20260508
167400,6408,20260508
331787,5662,20260508
241590,4318,20260508
358320,2027,20260508
30380,8502,20260508
58281,6790,20260508
119432,5152,20260508
7717,8699,20260508
363307,4317,20260508
1465,13589,20260508
156336,11187,20260508
394106,2939,20260508
50750,6522,20260508
244608,4331,20260508
367518,1785,20260508
20100,16104,20260508
299169,7932,20260508
168584,5855,20260508
213893,7028,20260508
257501,11749,20260508
154825,2766,20260508
373600,1626,20260508
45,16858,20260508
280480,3826,20260508
183562,3219,20260508
358737,2673,20260508
238799,3908,20260508
70512,5301,20260508
126792,5748,20260508
146278,7445,20260508
203416,7012,20260508
483,13921,20260508
143741,26386,20260508
270970,5593,20260508
165401,2812,20260508
256788,4873,20260508
299684,4763,20260508
281442,3875,20260508
316546,3908,20260508
351817,2834,20260508
303731,1891,20260508
20963,9455,20260508
223770,6511,20260508
232219,8332,20260508
121288,4726,20260508
158435,3667,20260508
255692,4311,20260508
2453,29613,20260508
143515,5378,20260508
15512,24139,20260508
134726,7198,20260508
40628,8432,20260508
441696,3063,20260508
73761,11007,20260508
11825,2169,20260508
447243,3754,20260508
168435,11795,20260508
372559,7667,20260508
72321,6930,20260508
242574,8040,20260508
314503,6383,20260508
382843,3764,20260508
407297,5089,20260508
393325,6989,20260508
264052,3608,20260508
244331,5824,20260508
226320,6349,20260508
352418,2782,20260508
21882,9003,20260508
342444,2094,20260508
253499,5224,20260508
393672,4068,20260508
16747,5171,20260508
241724,8268,20260508
162007,7180,20260508
51,9736,20260508
65532,5558,20260508
244228,10471,20260508
218333,5985,20260508
387780,3830,20260508
155624,6620,20260508
276498,6153,20260508
173064,3016,20260508
87890,5262,20260508
181521,5645,20260508
313889,1934,20260508
8125,5735,20260508
300877,10115,20260508
15364,6536,20260508
393429,2959,20260508
169654,20855,20260508
150997,2523,20260508
160495,3386,20260508
22345,8284,20260508
214029,3057,20260508
68425,10740,20260508
9823,2780,20260508
385331,2571,20260508
332290,5016,20260508
73171,3392,20260508
198740,5758,20260508
214887,3759,20260508
181687,6242,20260508
204516,3828,20260508
220520,7370,20260508
256382,22863,20260508
251678,7912,20260508
200147,9651,20260508
338760,2675,20260508
239472,3937,20260508
47185,6147,20260508
116998,4804,20260508
218121,7138,20260508
31563,4297,20260508
359970,8205,20260508
256570,4218,20260508
201825,7008,20260508
294612,2853,20260508
198830,3531,20260508
231218,3741,20260508
271319,3630,20260508
3307,3702,20260508
254386,5697,20260508
161417,17348,20260508
249277,3888,20260508
285984,3969,20260508
434367,1566,20260508
156943,3597,20260508
194879,11964,20260508
179172,5660,20260508
234477,4243,20260508
203417,7389,20260508
55600,4232,20260508
354544,2001,20260508
387378,6044,20260508
171273,9257,20260508
277700,4139,20260508
43528,5235,20260508
402676,4774,20260508
175117,12766,20260508
377470,4656,20260508
272739,3143,20260508
393333,2919,20260508
131260,15512,20260508
162286,4221,20260508
329845,4695,20260508
2163,3940,20260508
281549,4285,20260508
170416,7344,20260508
217780,3873,20260508
270314,4700,20260508
131287,4241,20260508
297129,5510,20260508
173442,2382,20260508
56692,8612,20260508
160499,17323,20260508
275467,5626,20260508
422674,2307,20260508
30645,4628,20260508
267319,4691,20260508
227460,1910,20260508
196526,4222,20260508
179275,12877,20260508
219215,6265,20260508
192457,7130,20260508
2093,8241,20260508
420498,1710,20260508
122298,10202,20260508
197443,5744,20260508
12002,8454,20260508
317457,4509,20260508
284818,3740,20260508
216459,8032,20260508
176165,6125,20260508
218479,2946,20260508
1035,3552,20260508
91872,6651,20260508
230244,5301,20260508
156566,6523,20260508
65244,54381,20260508
245643,5206,20260508
137988,4873,20260508
191051,4950,20260508
36235,4313,20260508
228867,4169,20260508
395375,3630,20260508
239307,3200,20260508
234671,3114,20260508
252153,4534,20260508
110277,7379,20260508
268201,3368,20260508
528,4546,20260508
420805,2909,20260508
163602,9430,20260508
228328,2810,20260508
296108,4428,20260508
295293,3152,20260508
91514,12254,20260508
281474,2245,20260508
12891,3067,20260508
586,2333,20260508
103886,5927,20260508
137269,6529,20260508
26990,5038,20260508
30957,4740,20260508
41002,4672,20260508
295262,2522,20260508
26997,2480,20260508
145659,5681,20260508
904,6079,20260508
324090,2481,20260508
179803,2504,20260508
334011,3087,20260508
248065,2970,20260508
352574,4098,20260508
112,10810,20260508
422780,3017,20260508
396989,2798,20260508
12962,5297,20260508
368058,4671,20260508
239464,7062,20260508
210296,2971,20260508
329465,9617,20260508
343562,3644,20260508
155362,16374,20260508
374595,3293,20260508
300217,3973,20260508
235488,5351,20260508
37380,12378,20260508
119788,5139,20260508
25669,22219,20260508
291508,4220,20260508
53953,10708,20260508
38996,2756,20260508
402283,4434,20260508
296345,1771,20260508
12902,4598,20260508
28181,1836,20260508
29368,14329,20260508
177590,4718,20260508
173,8014,20260508
79127,3407,20260508
197405,3173,20260508
272738,6977,20260508
11971,16354,20260508
327778,3625,20260508
172931,5619,20260508
252526,2726,20260508
1041,4687,20260508
117915,3941,20260508
360265,2527,20260508
154458,5023,20260508
326945,1641,20260508
325022,2592,20260508
329873,2993,20260508
98229,4054,20260508
271529,3111,20260508
293207,2109,20260508
456440,1589,20260508
303553,3526,20260508
166384,22429,20260508
94,4406,20260508
281466,2022,20260508
148319,4854,20260508
160851,11985,20260508
125678,7960,20260508
300753,4869,20260508
318553,2997,20260508
244992,37242,20260508
238992,7072,20260508
199966,3523,20260508
129948,4949,20260508
391795,2232,20260508
195137,3219,20260508
318983,2956,20260508
362452,3185,20260508
59946,9548,20260508
1345,6289,20260508
381249,3417,20260508
266722,3090,20260508
393165,2371,20260508
148575,5707,20260508
202408,7223,20260508
207830,11663,20260508
27588,15701,20260508
113997,5551,20260508
233262,3355,20260508
298065,4994,20260508
147151,22159,20260508
309630,4680,20260508
313010,1827,20260508
305682,5000,20260508
193214,6386,20260508
245487,4249,20260508
242804,3327,20260508
402679,2954,20260508
340041,3048,20260508
2181,3289,20260508
284108,4011,20260508
425428,3414,20260508
375651,6632,20260508
223953,4285,20260508
368017,4778,20260508
35570,4173,20260508
24800,3093,20260508
177678,3309,20260508
270971,4477,20260508
18098,1869,20260508
8051,6730,20260508
9440,5184,20260508
38054,6601,20260508
191977,7160,20260508
368432,3394,20260508
203427,6443,20260508
108906,3712,20260508
335212,1818,20260508
8203,22764,20260508
276894,5782,20260508
66356,6914,20260508
201921,8003,20260508
491,3649,20260508
212402,6361,20260508
172047,4259,20260508
295607,4056,20260508
41066,1896,20260508
26566,4016,20260508
66056,8457,20260508
154086,3460,20260508
245476,8993,20260508
681,8867,20260508
13642,5572,20260508
158889,1856,20260508
15817,6410,20260508
352697,3309,20260508
195560,3770,20260508
241266,4774,20260508
229892,2246,20260508
227515,2941,20260508
228504,7042,20260508
139898,3215,20260508
386405,2068,20260508
153065,5902,20260508
279254,4802,20260508
342848,3739,20260508
360692,3589,20260508
240,4375,20260508
383499,2406,20260508
106217,4691,20260508
177524,12255,20260508
151004,4165,20260508
98351,4363,20260508
206915,3729,20260508
195314,6260,20260508
169124,9463,20260508
40793,8182,20260508
52461,4486,20260508
287084,5217,20260508
191300,4628,20260508
1382,5998,20260508
284121,1519,20260508
362986,3399,20260508
242722,1406,20260508
438402,2233,20260508
381278,3068,20260508
108784,3710,20260508
27976,2446,20260508
387514,2866,20260508
322616,2454,20260508
37628,4995,20260508
228855,3984,20260508
134352,6238,20260508
156689,2799,20260508
178336,4297,20260508
244654,3783,20260508
347137,3028,20260508
293889,4039,20260508
65901,3107,20260508
300327,3831,20260508
217861,5592,20260508
376683,3168,20260508
204027,8836,20260508
350636,1864,20260508
132028,1949,20260508
82421,2710,20260508
161882,3936,20260508
205597,5452,20260508
72287,9093,20260508
176371,3552,20260508
66505,5265,20260508
299960,3530,20260508
823,16272,20260508
408637,1379,20260508
230080,6788,20260508
35497,4990,20260508
157403,5783,20260508
419195,3509,20260508
302098,2357,20260508
16992,30591,20260508
281194,3314,20260508
218509,2811,20260508
261114,3854,20260508
141517,3609,20260508
104710,5208,20260508
242684,3292,20260508
306481,3089,20260508
310448,2364,20260508
270871,1379,20260508
224597,2961,20260508
194517,2856,20260508
224,4652,20260508
284936,4275,20260508
377061,5283,20260508
554,5371,20260508
171669,5115,20260508
182340,1982,20260508
359152,3203,20260508
253284,7720,20260508
367517,1851,20260508
19600,4767,20260508
199383,3146,20260508
206051,5044,20260508
146312,4370,20260508
200853,2943,20260508
181796,3152,20260508
322622,2806,20260508
164949,2412,20260508
298638,4118,20260508
276042,3817,20260508
274124,2844,20260508
150999,5045,20260508
123570,5389,20260508
174570,2886,20260508
75449,3418,20260508
245422,2383,20260508
175199,4653,20260508
25568,4438,20260508
358504,4045,20260508
217449,8212,20260508
21523,8212,20260508
301767,5647,20260508
299317,1283,20260508
200077,7047,20260508
233571,2074,20260508
156776,3358,20260508
388367,1245,20260508
340677,3518,20260508
200954,4058,20260508
358557,1951,20260508
230933,3932,20260508
271615,2184,20260508
157809,5893,20260508
82420,2426,20260508
347811,1098,20260508
180680,3568,20260508
122522,28408,20260508
939,2314,20260508
366994,3770,20260508
208024,2273,20260508
328908,2609,20260508
246761,4092,20260508
191231,4838,20260508
95103,4314,20260508
366162,2197,20260508
411875,4372,20260508
95064,3388,20260508
194880,7740,20260508
185589,3804,20260508
91536,14107,20260508
348220,1916,20260508
273477,4603,20260508
424774,1680,20260508
223750,3934,20260508
330592,2752,20260508
130176,4368,20260508
173090,13745,20260508
355433,5000,20260508
294693,2036,20260508
351526,3159,20260508
256589,4653,20260508
252752,2701,20260508
198454,6190,20260508
145639,4788,20260508
129736,4906,20260508
136991,6807,20260508
359402,3536,20260508
353470,3555,20260508
131646,3971,20260508
24068,9261,20260508
284778,1717,20260508
425005,2133,20260508
232918,8792,20260508
206931,5997,20260508
35052,3252,20260508
207691,2910,20260508
165838,1914,20260508
371077,2311,20260508
6830,3430,20260508
168917,3719,20260508
171233,7225,20260508
97903,7690,20260508
373167,3013,20260508
141423,4316,20260508
221,5392,20260508
412865,2053,20260508
302425,2007,20260508
281526,1427,20260508
310632,3146,20260508
340325,2722,20260508
55427,3712,20260508
406291,1724,20260508
371932,2475,20260508
342562,2427,20260508
127518,1864,20260508
436215,2158,20260508
297985,2134,20260508
311715,3473,20260508
163154,1914,20260508
17329,9173,20260508
425445,1548,20260508
278,14564,20260508
268586,3301,20260508
69779,2447,20260508
104363,4586,20260508
158275,3830,20260508
161866,2860,20260508
22825,3896,20260508
72225,3995,20260508
1608,2446,20260508
344554,2723,20260508
309110,3411,20260508
326933,1509,20260508
145371,1763,20260508
160018,3349,20260508
327,9955,20260508
341530,4796,20260508
18100,4574,20260508
143884,35862,20260508
142326,5422,20260508
60,4100,20260508
66837,1382,20260508
354,3999,20260508
422332,1582,20260508
298102,2650,20260508
407343,1906,20260508
268620,7773,20260508
398,4715,20260508
833,1845,20260508
37836,1834,20260508
244536,6104,20260508
271869,4705,20260508
350205,1854,20260508
91080,2130,20260508
176544,2649,20260508
365104,3266,20260508
5737,4643,20260508
222514,2772,20260508
301257,3218,20260508
154246,5872,20260508
244049,3169,20260508
240855,2743,20260508
207243,2645,20260508
1301,2520,20260508
43443,17224,20260508
338093,3633,20260508
386166,1159,20260508
180899,3411,20260508
256606,2860,20260508
282954,3212,20260508
345976,972,20260508
326934,1441,20260508
1115,12122,20260508
397931,3391,20260508
551,3568,20260508
213266,4118,20260508
392023,2783,20260508
229265,2399,20260508
233961,5812,20260508
1822,1982,20260508
183571,3827,20260508
338628,4602,20260508
241477,4119,20260508
234669,3427,20260507
225482,2502,20260508
403754,3185,20260508
440007,1658,20260508
291859,3528,20260508
188547,2652,20260508
137297,8559,20260508
44163,6130,20260508
163642,3137,20260508
332386,4517,20260508
314088,2849,20260508
192074,4646,20260508
152162,5796,20260508
82168,5412,20260508
85897,2745,20260508
183880,4491,20260508
218421,1654,20260508
331820,2302,20260508
302388,3443,20260508
338376,1904,20260508
369646,3301,20260508
71671,4079,20260508
382518,1571,20260508
8989,5315,20260508
45986,3519,20260508
254127,1443,20260508
197070,4955,20260508
228660,4783,20260508
257614,5248,20260508
140933,7099,20260508
207336,5372,20260508
164265,2849,20260508
156091,3103,20260508
437306,1642,20260508
386937,2461,20260508
257518,1631,20260508
104020,2884,20260508
149155,6306,20260508
344258,2638,20260508
293835,2456,20260508
295785,1578,20260508
22141,6738,20260508
298371,3340,20260508
105,7425,20260508
318472,1207,20260508
366683,1953,20260508
16395,6093,20260508
124,4782,20260508
339958,2755,20260508
216092,3117,20260508
219101,1698,20260508
13823,9054,20260508
226520,2887,20260508
184151,2978,20260508
408547,3396,20260508
378387,1559,20260508
195162,3530,20260508
272380,2267,20260508
34084,3955,20260508
327711,3828,20260508
1634,2614,20260508
135382,3784,20260508
221318,3798,20260508
364766,1653,20260508
312859,2026,20260508
256997,1942,20260508
83195,10827,20260508
358124,2803,20260508
231484,3170,20260508
89409,1989,20260508
128721,2206,20260508
226518,3819,20260508
330038,2742,20260508
27364,5042,20260508
159473,2869,20260508
171879,2792,20260508
393307,2442,20260508
94246,2459,20260508
288169,4362,20260508
67492,3093,20260508
121410,6126,20260508
253608,1870,20260508
251412,5922,20260508
126100,2607,20260508
527,3536,20260508
41916,6739,20260508
299252,9185,20260508
165986,2927,20260508
174660,6568,20260508
35815,4805,20260508
165872,1762,20260508
291962,3461,20260508
151007,2795,20260508
173101,3221,20260508
91873,2859,20260508
102548,7167,20260508
63975,5577,20260508
25821,12845,20260508
25643,4486,20260508
10,9330,20260508
68264,1774,20260508
312267,3443,20260508
255674,3500,20260508
287938,2208,20260508
269595,4496,20260508
42452,6280,20260508
152470,2401,20260508
191597,2650,20260508
331224,1640,20260508
299121,1720,20260508
249746,2222,20260508
9220,36350,20260508
131014,2113,20260508
322656,1587,20260508
16986,10494,20260508
183006,4427,20260508
182694,2739,20260508
85256,8725,20260508
2842,8491,20260508
147303,3594,20260508
315695,2203,20260508
229491,2185,20260508
154386,4178,20260508
264982,2436,20260508
366310,1479,20260508
223855,2843,20260508
383010,1047,20260508
347767,1404,20260508
238638,2169,20260508
1540,3701,20260508
121297,5454,20260508
187377,3860,20260508
225244,2011,20260508
332944,3049,20260508
30381,3341,20260508
227456,4382,20260508
8045,2403,20260508
339906,4062,20260508
104347,4729,20260508
230085,2584,20260508
254226,2546,20260508
38713,1895,20260508
12995,6128,20260508
1261,3384,20260508
358981,1627,20260508
17396,2493,20260508
449185,2443,20260508
61692,2456,20260508
283294,2426,20260508
316858,2866,20260508
306882,2036,20260508
159504,2291,20260508
447174,1512,20260508
390340,1757,20260508
375852,2056,20260508
826,8171,20260508
302524,3456,20260508
19100,4272,20260508
300442,3566,20260508
42910,3004,20260508
224821,3518,20260508
363369,3038,20260508
315727,2292,20260508
402111,2002,20260508
134253,6294,20260508
39953,6374,20260508
371947,2906,20260508
157526,5811,20260508
7805,8554,20260508
253759,3017,20260508
364655,1275,20260508
18258,4352,20260508
159503,3661,20260508
123955,1447,20260508
404538,1441,20260508
335609,3672,20260508
151771,2031,20260508
855,3541,20260508
205716,3492,20260508
247236,3571,20260508
360153,1780,20260508
361241,2847,20260508
243759,2106,20260508
164338,2509,20260508
160610,2076,20260508
257527,3714,20260508
392449,1118,20260508
137649,2198,20260508
191876,3502,20260508
300001,3087,20260508
215471,2131,20260508
15818,12839,20260508
116,22347,20260508
323156,2459,20260508
119591,4152,20260508
328326,1549,20260508
50768,2767,20260508
415945,1126,20260508
405537,3032,20260508
394,10319,20260508
202077,2161,20260508
356754,1429,20260508
381247,1358,20260508
343844,1389,20260508
232361,2555,20260508
204836,4426,20260508
202583,3322,20260508
219100,2249,20260508
113873,1874,20260508
1403,5279,20260508
380135,1988,20260508
272533,2559,20260508
132372,4239,20260508
268012,1513,20260508
143405,3414,20260508
210232,1584,20260508
3228,3470,20260508
38863,2707,20260508
248125,2312,20260508
199,6074,20260508
223931,1598,20260508
2397,15309,20260508
1159,4533,20260508
232988,4379,20260508
230,2820,20260508
38159,4241,20260508
448271,1082,20260508
257769,3104,20260508
288513,4108,20260508
167270,2319,20260508
204505,2888,20260508
177802,2104,20260508
4099,3062,20260508
157001,1942,20260508
352179,1506,20260508
150312,15074,20260508
429405,1378,20260508
352695,1300,20260508
9203,4786,20260508
111124,3557,20260508
406174,1343,20260508
163474,1870,20260508
2507,2782,20260508
174837,1846,20260508
1897,5468,20260508
381819,1332,20260508
23094,2980,20260508
205418,3298,20260508
285533,1951,20260508
370164,3119,20260508
217085,5481,20260508
355326,2548,20260508
281946,2143,20260508
42487,4950,20260508
63268,22151,20260508
2338,4566,20260508
402663,2046,20260508
624,9679,20260508
244918,2875,20260508
254713,2505,20260508
206803,2211,20260508
200511,2035,20260508
244191,2851,20260508
426513,1574,20260508
429863,1571,20260508
380165,2480,20260508
304285,3931,20260508
306709,3429,20260508
134453,3977,20260508
350458,2245,20260508
312318,1795,20260508
127024,7264,20260508
117985,3863,20260508
103,4083,20260508
297978,5738,20260508
167513,3002,20260508
330950,1757,20260508
304668,1675,20260508
12495,3226,20260508
98527,2125,20260508
310192,2454,20260508
347013,3456,20260508
113401,5248,20260508
266966,1893,20260508
165950,4750,20260508
360366,1172,20260508
106,3590,20260508
215841,3941,20260508
246663,2421,20260508
72991,3076,20260508
146910,1586,20260508
33604,6409,20260508
10640,5266,20260508
348096,4154,20260508
438,18148,20260508
395623,2005,20260508
175549,3267,20260508
21441,4018,20260508
60435,2528,20260508
15,3996,20260508
19237,10565,20260508
5716,6157,20260508
172385,2451,20260508
254591,2518,20260508
244995,5655,20260508
220133,1974,20260508
166226,2485,20260508
271088,3534,20260508
204,3254,20260508
300010,3117,20260508
57390,2985,20260508
216201,3812,20260508
180040,3295,20260508
264647,3175,20260508
233020,6559,20260508
336929,2945,20260508
212516,2270,20260508
878,4179,20260508
163413,2387,20260508
105037,3351,20260508
422042,1653,20260508
371972,2051,20260508
29223,6122,20260508
271321,2267,20260508
389820,1214,20260508
328124,2035,20260508
272453,2690,20260508
200057,2419,20260508
282853,1889,20260508
454672,1187,20260508
53093,2212,20260508
66,2753,20260508
338460,2017,20260508
811,21916,20260508
272682,2037,20260508
363183,1971,20260508
159109,3967,20260508
166857,1798,20260508
283317,1882,20260508
63170,879,20260508
215842,3952,20260508
351476,2866,20260508
179572,5460,20260508
409693,1733,20260508
2122,2505,20260508
30618,1734,20260508
22038,4125,20260508
325698,3030,20260508
330608,2331,20260508
139030,11297,20260508
363625,1209,20260508
39684,2802,20260508
364186,2586,20260508
184424,1145,20260508
15126,1326,20260508
258444,3056,20260508
339214,2743,20260508
342032,1502,20260508
216091,2939,20260508
9446,5845,20260508
175324,8679,20260508
194626,6952,20260508
119,5402,20260508
191894,4737,20260508
3284,3439,20260508
254192,2954,20260508
19999,3654,20260508
194690,3392,20260508
283619,2055,20260508
3955,34698,20260508
55829,2133,20260508
201,4008,20260508
349463,3016,20260508
255675,2048,20260508
318546,1580,20260508
94362,4590,20260508
254018,2939,20260508
1568,3189,20260508
350736,1925,20260508
356414,1829,20260508
71836,6753,20260508
116954,3830,20260508
217398,1816,20260508
38823,1501,20260508
253214,2919,20260508
142992,3770,20260508
8190,2942,20260508
218530,4157,20260508
1231,4214,20260508
408636,1537,20260508
176229,7701,20260508
331401,3979,20260508
2065,2093,20260508
386366,1455,20260508
481,3770,20260508
131366,8974,20260508
282414,1875,20260508
176083,4774,20260508
332321,3253,20260508
285265,2139,20260508
142852,2061,20260508
286537,2086,20260508
347805,2848,20260508
427388,1318,20260508
362020,2417,20260508
337787,2552,20260508
214396,3085,20260508
179460,1798,20260508
196202,1642,20260508
267127,2047,20260508
358816,1802,20260508
929,8691,20260508
415147,1933,20260508
73664,2654,20260508
3097,1043,20260508
16496,4791,20260508
269603,3686,20260508
309105,2599,20260508
131325,4477,20260508
385680,2231,20260508
342894,1662,20260508
29934,3206,20260508
181810,6209,20260508
297486,2296,20260508
251551,1361,20260508
266967,1339,20260508
129051,3780,20260508
275044,3276,20260508
301716,2424,20260508
260300,4687,20260508
22,2216,20260508
143175,2424,20260508
294702,1837,20260508
402024,1784,20260508
6411,4145,20260508
401216,1916,20260508
284584,2844,20260508
383469,1056,20260508
223740,4202,20260508
67877,5925,20260508
350185,1905,20260508
232595,2289,20260508
180020,8197,20260508
428440,1227,20260508
289081,1534,20260508
196,3020,20260508
1198,14191,20260508
21550,3384,20260508
381308,1901,20260508
242,6014,20260508
205317,2277,20260508
148203,5028,20260508
410991,2510,20260508
430533,1055,20260508
148943,3002,20260508
324711,1367,20260508
316786,2037,20260508
175223,2051,20260508
314582,1432,20260508
362976,2517,20260508
340364,2612,20260508
902,3375,20260508
319807,1397,20260508
371688,1146,20260508
619,4187,20260508
280453,2433,20260508
17223,6026,20260508
357028,1866,20260508
252929,6204,20260508
138431,1831,20260508
329226,1258,20260508
1915,2058,20260508
423401,1519,20260508
359394,1810,20260508
235555,1346,20260508
492,3275,20260508
270109,2469,20260508
323255,1428,20260508
594,3136,20260508
244916,3205,20260508
422484,2448,20260508
228372,1912,20260508
312251,2755,20260508
169794,2074,20260508
314745,1410,20260508
240567,2449,20260508
24827,3615,20260508
424573,1896,20260508
101785,3684,20260508
361788,1640,20260508
233678,4264,20260508
431038,2875,20260508
355888,2353,20260508
115,4140,20260508
412911,2336,20260508
204135,6613,20260508
84732,2701,20260508
246200,2801,20260508
360206,1699,20260508
295577,1956,20260508
98,11420,20260508
18745,2511,20260508
172381,2969,20260508
180901,2023,20260508
436821,1055,20260508
40209,1151,20260508
383206,1269,20260508
233261,883,20260508
424975,1494,20260508
915,8393,20260508
1829,7357,20260508
75165,2044,20260508
406854,3577,20260508
383467,1017,20260508
24417,3539,20260508
264198,1541,20260508
181524,2950,20260508
120523,2475,20260508
343526,1488,20260508
494,5069,20260508
295905,2079,20260508
420077,1628,20260508
2987,8442,20260508
57925,3332,20260508
152,2106,20260508
276830,2632,20260508
195856,4206,20260508
260789,1377,20260508
336131,1081,20260508
370581,1681,20260508
266083,10303,20260508
38718,1249,20260508
166571,1672,20260508
351594,1394,20260508
244513,2102,20260508
195043,4800,20260508
424152,1576,20260508
214484,1401,20260508
94104,1867,20260508
20542,1162,20260508
423517,2409,20260508
109125,1416,20260508
183231,2942,20260508
397897,1667,20260508
275913,2249,20260508
168,3093,20260508
187700,1764,20260508
215840,3540,20260508
439305,1213,20260508
22877,1318,20260508
195544,4288,20260508
251433,1571,20260508
143986,6693,20260508
370789,1316,20260508
172220,2096,20260508
37919,2084,20260508
3072,1931,20260508
280136,2959,20260508
302260,6321,20260508
403116,1674,20260508
148951,7957,20260508
183284,2028,20260508
146816,2251,20260508
252399,1689,20260508
34887,4474,20260508
248861,2156,20260508
230889,1194,20260508
38545,2753,20260508
230267,3063,20260508
14254,2430,20260508
366495,1197,20260508
192860,3575,20260508
277927,2225,20260508
320390,4256,20260508
149776,1719,20260508
106662,3654,20260508
31497,3567,20260508
359029,2193,20260508
216497,2687,20260508
13780,2976,20260508
39339,3972,20260508
125548,3677,20260508
196496,1375,20260508
251747,979,20260508
90040,2689,20260508
335275,2088,20260508
33451,3375,20260508
7480,1708,20260508
193308,3517,20260508
446493,999,20260508
269752,2186,20260508
236217,2275,20260508
218804,2229,20260508
366752,2397,20260508
300683,2035,20260508
317434,1129,20260508
8129,2873,20260508
183685,969,20260508
303551,1042,20260508
302312,1617,20260508
193728,1188,20260508
1544,3358,20260508
267813,2791,20260508
38862,2571,20260508
235014,1690,20260508
13884,2620,20260508
226605,2806,20260508
10093,6158,20260508
285905,1099,20260508
54137,5750,20260508
92319,2756,20260508
402677,1526,20260508
222542,2650,20260508
207572,988,20260508
454909,1807,20260508
171662,1911,20260508
277597,1984,20260508
43022,2999,20260508
293678,1725,20260508
420914,1242,20260508
102435,1120,20260508
144041,2223,20260508
99975,4117,20260508
355200,909,20260508
4636,5382,20260508
170604,1341,20260508
284217,1588,20260508
268504,1261,20260508
269968,2108,20260508
22484,2078,20260508
352454,2419,20260508
206940,2347,20260508
327056,1223,20260508
345155,1063,20260508
5206,2923,20260508
294514,2566,20260508
259298,1422,20260508
418062,1342,20260508
322561,1461,20260508
8098,14305,20260508
156714,2379,20260508
221769,1446,20260508
413260,1705,20260508
361,5003,20260508
325555,1531,20260508
259374,2243,20260508
38343,2982,20260508
178054,2868,20260508
419704,1185,20260508
274841,3384,20260508
175307,1957,20260508
26,2260,20260508
267271,1441,20260508
339484,2246,20260508
34194,2559,20260508
46396,2195,20260508
103185,2375,20260508
15511,3390,20260508
309430,2621,20260508
245354,1571,20260508
248158,2652,20260508
122294,1711,20260508
12761,2648,20260508
298229,1654,20260508
304531,1196,20260508
206084,1861,20260508
321277,2035,20260508
40270,3058,20260508
265256,3238,20260508
149951,1443,20260508
403265,1468,20260508
295488,1847,20260508
131111,1169,20260508
1219,15934,20260508
252446,1585,20260508
317311,2021,20260508
22348,2484,20260508
57660,1454,20260508
123239,2662,20260508
256852,1914,20260508
301919,2604,20260508
381246,1085,20260508
358085,1753,20260508
208895,4144,20260508
223215,2287,20260508
217083,1316,20260508
337,3753,20260508
330084,1368,20260508
165948,1875,20260508
55697,2362,20260508
397736,1437,20260508
43868,4939,20260508
6901,2978,20260508
24310,9313,20260508
5072,2017,20260508
27627,16201,20260508
41933,3599,20260508
351538,2167,20260508
41010,4872,20260508
13308,9077,20260508
267378,3102,20260508
157917,1378,20260508
248005,2082,20260508
400995,1239,20260508
315881,1618,20260508
1499,1485,20260508
423,1365,20260508
3800,2263,20260508
903,2698,20260508
2081,1305,20260508
34297,3363,20260508
168609,3420,20260508
274450,1898,20260508
12750,1050,20260508
47055,1565,20260508
324914,2267,20260508
27225,13529,20260508
237,2161,20260508
172996,1983,20260508
329716,1941,20260508
271519,2260,20260508
3565,1754,20260508
345266,883,20260508
220792,1854,20260508
390173,958,20260508
1107,2998,20260508
269725,3468,20260508
24773,2553,20260508
58936,1539,20260508
263895,1341,20260508
159581,2461,20260508
6351,2855,20260508
317582,1559,20260508
349750,1591,20260508
2251,1270,20260508
330174,1911,20260508
266964,1213,20260508
526,8331,20260508
241831,3933,20260508
205046,2345,20260508
32125,5144,20260508
182189,3354,20260508
986,4166,20260508
396895,1194,20260508
273910,1164,20260508
171011,3105,20260508
158900,5059,20260508
392492,1390,20260508
325810,1184,20260508
256804,2858,20260508
266965,1231,20260508
210274,2709,20260508
230303,2233,20260508
431481,1423,20260508
314580,1344,20260508
49,6564,20260508
73369,3098,20260508
203430,4021,20260508
425276,774,20260508
180199,1249,20260508
299963,2297,20260508
88827,1286,20260508
227466,2115,20260508
124172,7001,20260508
145189,3599,20260508
21920,3467,20260508
234260,2743,20260508
256320,1919,20260508
123607,1883,20260508
30658,2104,20260508
356952,2379,20260508
424280,1464,20260508
195571,2054,20260508
400498,1328,20260508
369548,3105,20260508
216632,2011,20260508
28086,9481,20260508
173761,2154,20260508
285894,1828,20260508
143185,3660,20260508
278553,2197,20260508
230383,2536,20260508
262114,1783,20260508
383109,1932,20260508
259081,2591,20260508
303672,2950,20260508
265537,798,20260508
250881,1535,20260508
147253,2277,20260508
701,2060,20260508
274428,922,20260508
169611,1937,20260508
111417,2647,20260508
103092,2118,20260508
229713,1020,20260508
26457,1269,20260508
162009,940,20260508
2808,1634,20260508
61487,1056,20260508
175293,2306,20260508
218208,2273,20260508
107255,2319,20260508
24742,4239,20260508
6887,5034,20260508
361850,2080,20260508
240271,1111,20260508
377969,802,20260508
157413,2108,20260508
220367,1404,20260508
142079,3100,20260508
243430,1954,20260508
270847,1467,20260508
138233,1825,20260508
180852,4426,20260508
323613,2006,20260508
257732,1305,20260508
198487,1479,20260508
320718,3997,20260508
2393,2263,20260508
140,10225,20260508
272427,1596,20260508
4396,3952,20260508
163805,2045,20260508
28089,2638,20260508
254,1362,20260508
120,5551,20260508
204184,1815,20260508
387515,1146,20260508
413469,910,20260508
127997,2714,20260508
322588,2072,20260508
226501,2600,20260508
41863,3107,20260508
412086,1187,20260508
364641,1678,20260508
399822,1036,20260508
306321,1841,20260508
71074,2188,20260508
249590,971,20260508
139771,1976,20260508
70,2509,20260508
29937,2298,20260508
205610,4754,20260508
348554,2039,20260508
238546,1367,20260508
205125,2770,20260508
104955,1919,20260508
35435,2044,20260508
35503,2713,20260508
202977,2417,20260508
91984,1724,20260508
174078,3014,20260508
38386,3130,20260508
341496,1630,20260508
253618,3289,20260508
223376,1128,20260508
326937,896,20260508
15600,1988,20260508
96007,1324,20260508
208773,1244,20260508
300583,2413,20260508
157096,2457,20260508
341519,955,20260508
235375,3292,20260508
128667,4206,20260508
216428,2248,20260508
136280,2189,20260508
304510,1362,20260508
340,3969,20260508
226634,1918,20260508
1662,1416,20260508
1117,4705,20260508
123499,1720,20260508
233208,1431,20260508
308989,2596,20260508
322563,1126,20260508
293348,1159,20260508
230305,2091,20260508
197097,1821,20260508
16267,3506,20260508
21551,944,20260508
592,2740,20260508
145588,1791,20260508
85005,2782,20260508
63759,2165,20260508
342372,1416,20260508
75358,3240,20260508
1032,2132,20260508
163370,1725,20260508
330036,1911,20260508
66588,2243,20260508
122842,1750,20260508
37907,1846,20260508
113289,3641,20260508
3931,3286,20260508
180592,1892,20260508
112138,3804,20260508
34585,6925,20260508
322562,1110,20260508
249763,2229,20260508
242529,2697,20260508
431305,1772,20260508
9441,2979,20260508
66510,1941,20260508
37387,1986,20260508
320527,1085,20260508
36648,2253,20260508
171726,1195,20260508
146418,2081,20260508
227072,6561,20260508
423648,1158,20260508
174973,4117,20260508
22245,3052,20260508
242653,1294,20260508
155969,5354,20260508
267979,1511,20260508
37358,1989,20260508
85325,4069,20260508
163,6620,20260508
280748,1658,20260508
253664,8775,20260508
198287,1105,20260508
38992,2275,20260508
439742,1418,20260508
273703,1313,20260508
376893,936,20260508
142271,1899,20260508
315060,1310,20260508
292974,1476,20260508
393973,1206,20260508
1887,1734,20260508
253684,1850,20260508
33154,4917,20260508
192945,1773,20260508
19622,1138,20260508
275215,1738,20260508
366023,1119,20260508
295192,3059,20260508
125,3583,20260508
361958,1374,20260508
276086,2771,20260508
181345,4312,20260508
128442,3447,20260508
312786,3748,20260508
378758,1849,20260508
172933,5335,20260508
331212,866,20260508
291847,1814,20260508
352764,1475,20260508
12477,3299,20260508
432527,1053,20260508
195528,2494,20260508
369751,1025,20260508
157,1871,20260508
400205,2984,20260508
146221,1655,20260508
417323,1646,20260508
283934,1746,20260508
113636,1790,20260508
730,1077,20260508
271060,1271,20260508
42673,1134,20260508
287589,2389,20260508
222407,1032,20260508
310789,2009,20260508
277458,4377,20260508
281152,1470,20260508
24703,1968,20260508
340897,1121,20260508
279869,2118,20260508
84,1143,20260508
98918,1827,20260508
22192,1818,20260508
302520,7465,20260508
299607,1103,20260508
179303,3387,20260508
198190,1441,20260508
472,2935,20260508
254683,1794,20260508
295948,2050,20260508
325348,926,20260508
249,3796,20260508
118695,2076,20260508
229218,1926,20260508
347112,1355,20260508
218293,2110,20260508
262547,2042,20260508
136955,950,20260508
31105,3257,20260508
322589,1591,20260508
176558,4622,20260508
211716,1339,20260508
313262,2353,20260508
424816,1718,20260508
358386,1371,20260508
56931,2190,20260508
320,35305,20260508
373667,1141,20260508
442,2501,20260508
446699,997,20260508
38765,1788,20260508
324853,911,20260508
153507,2422,20260508
206150,1003,20260508
138649,1437,20260508
381356,2194,20260508
155255,1329,20260508
354886,1344,20260508
285036,1074,20260508
160902,1500,20260508
143401,1562,20260508
67239,2610,20260508
267058,1301,20260508
313807,1560,20260508
414117,1217,20260508
212346,823,20260508
338434,879,20260508
466,3612,20260508
120217,3233,20260508
350948,1140,20260508
34707,2389,20260508
157026,1207,20260508
231696,2912,20260508
28259,5113,20260508
286428,1212,20260508
300751,1383,20260508
232,2357,20260508
143404,2242,20260508
168681,2302,20260508
198525,3136,20260508
6819,1407,20260508
63543,1794,20260508
273264,964,20260508
249411,1228,20260508
181819,1698,20260508
210290,1207,20260508
32412,2474,20260508
275912,959,20260508
12589,2155,20260508
316287,1428,20260508
1111,14098,20260508
311322,3793,20260508
137330,2310,20260508
6205,1323,20260508
73,1869,20260508
12692,16493,20260508
144239,2252,20260508
392513,819,20260508
285775,1295,20260508
311900,1192,20260508
335427,2025,20260508
187273,1947,20260508
193739,2474,20260508
343322,970,20260508
223049,2433,20260508
17710,3091,20260508
144529,1864,20260508
156496,1682,20260508
715,3571,20260508
292126,1644,20260508
304847,828,20260508
205158,3946,20260508
358800,1984,20260508
270143,1140,20260508
303051,1812,20260508
153318,2206,20260508
169318,1788,20260508
215312,1983,20260508
253635,1986,20260508
142961,1407,20260508
128,3481,20260508
7858,881,20260508
40393,3389,20260508
300192,1099,20260508
108018,810,20260508
317504,2289,20260508
216070,1739,20260508
71061,3415,20260508
300930,1669,20260508
19526,3373,20260508
118174,2868,20260508
285253,1840,20260508
193737,1964,20260508
378476,1457,20260508
144553,4762,20260508
302336,3279,20260508
65564,1000,20260508
255615,1808,20260508
397393,1706,20260508
252877,1388,20260508
261594,1050,20260508
252556,2287,20260508
191925,7455,20260508
130060,1796,20260508
247585,1295,20260508
353942,984,20260508
180564,2729,20260508
1234,9242,20260508
282435,791,20260508
312959,1244,20260508
225167,1911,20260508
222219,1719,20260508
184824,870,20260508
424784,1183,20260508
36522,2000,20260508
109291,1214,20260508
189660,1550,20260508
131904,1219,20260508
169416,1233,20260508
238656,1952,20260508
281619,1509,20260508
65515,4300,20260508
125752,930,20260508
238393,1440,20260508
157958,1657,20260508
68820,688,20260508
261393,970,20260508
245658,1930,20260508
353152,1697,20260508
141736,2729,20260508
187680,1997,20260508
317231,1270,20260508
220775,3493,20260508
224272,4072,20260508
9910,1832,20260508
228959,1461,20260508
281258,1180,20260508
207207,1575,20260508
298635,1558,20260508
368676,1266,20260508
3720,1943,20260508
559,6717,20260508
231327,984,20260508
380938,1493,20260508
224904,1896,20260508
187653,1662,20260508
65282,2343,20260508
438936,901,20260508
220632,1849,20260508
427345,845,20260508
407318,1421,20260508
155463,1518,20260508
40760,2826,20260508
166317,997,20260508
235922,2163,20260508
134157,2402,20260508
168998,1424,20260508
379908,742,20260508
415780,2121,20260508
406660,1522,20260508
180771,1368,20260508
286158,1204,20260508
204574,2428,20260508
431493,922,20260508
362541,1496,20260508
218920,1737,20260508
253506,1088,20260508
207729,906,20260508
39217,1033,20260508
123096,3439,20260508
125921,3726,20260508
307386,1050,20260508
344277,1632,20260508
191972,1326,20260508
321108,1514,20260508
204801,1172,20260508
7,3815,20260508
21133,853,20260508
21954,1932,20260508
173156,1633,20260508
195503,1350,20260508
1295,3233,20260508
193322,2005,20260508
41749,1103,20260508
428635,1500,20260508
23679,1141,20260508
216597,1546,20260508
248918,1168,20260508
307044,1052,20260508
68182,2566,20260508
159692,830,20260508
32666,1851,20260508
1563,2123,20260508
36811,1738,20260508
124052,1526,20260508
13551,2813,20260508
62220,2159,20260508
16772,3065,20260508
382,4164,20260508
231567,1647,20260508
230791,1325,20260508
166286,2600,20260508
17053,5399,20260508
185538,1062,20260508
91620,2138,20260508
277699,1542,20260508
3353,1346,20260508
196354,910,20260508
307963,1894,20260508
211364,1091,20260508
209001,1505,20260508
209660,1190,20260508
316622,1799,20260508
191004,3047,20260508
394889,1862,20260508
343362,1460,20260508
401978,935,20260508
66171,3782,20260508
415845,899,20260508
46255,2767,20260508
322421,1171,20260508
448159,840,20260508
37141,1050,20260508
1442,1362,20260508
309113,1915,20260508
112686,7097,20260508
193867,710,20260508
12005,3402,20260508
199904,927,20260508
411860,685,20260508
17025,4434,20260508
105593,6489,20260508
366251,960,20260508
264164,1272,20260508
42124,1256,20260508
209671,1463,20260508
374895,1256,20260508
25224,1843,20260508
102237,2739,20260508
119391,1738,20260508
322785,1284,20260508
86246,1899,20260508
225818,1796,20260508
3570,3492,20260508
71906,1793,20260508
295944,1700,20260508
99,2563,20260508
111105,1707,20260508
386502,1096,20260508
129459,1256,20260508
40398,12820,20260508
104581,1620,20260508
15954,1723,20260508
98315,2153,20260508
31624,1990,20260508
177354,897,20260508
118063,3795,20260508
54307,2035,20260508
351810,1365,20260508
31790,625,20260508
424,1080,20260508
380226,1242,20260508
281960,2559,20260508
4209,2838,20260508
28,5304,20260508
153064,3439,20260508
372631,1438,20260508
399987,1152,20260508
114031,2298,20260508
192802,1223,20260508
15510,2529,20260508
54361,1075,20260508
403468,1388,20260508
144826,2246,20260508
634,3796,20260508
241987,1114,20260508
40237,2380,20260508
235817,1822,20260508
360896,1300,20260508
21632,4098,20260508
355224,1759,20260508
88408,4013,20260508
331571,1698,20260508
9364,986,20260508
305761,1581,20260508
354132,1094,20260508
2569,2897,20260508
2596,4477,20260508
420931,1026,20260508
191963,1311,20260508
214032,3330,20260508
350755,1513,20260508
206327,1589,20260508
6779,1619,20260508
132,4817,20260508
294230,1097,20260508
317372,1117,20260508
367385,1115,20260508
85036,1848,20260508
231038,1338,20260508
356314,780,20260508
256874,925,20260508
205867,1874,20260508
168788,1947,20260508
37371,2507,20260508
35488,1801,20260508
362205,1033,20260508
40990,2794,20260508
36946,8202,20260508
2961,1415,20260508
344789,1173,20260508
66214,1792,20260508
406498,1284,20260508
81640,1096,20260508
620,1155,20260508
389102,785,20260508
31552,1214,20260508
130,1708,20260508
88126,1146,20260508
236461,1425,20260508
75476,1491,20260508
2381,11491,20260508
205494,2924,20260508
281075,2289,20260508
35761,2190,20260508
333539,1532,20260508
262540,1375,20260508
226519,1821,20260508
112092,1341,20260508
119637,1020,20260508
172737,722,20260508
89910,1975,20260508
369142,1519,20260508
377793,1157,20260508
9027,2251,20260508
770,7164,20260508
274093,1319,20260508
131835,18166,20260508
419074,1137,20260508
1270,2462,20260508
228411,1461,20260508
367086,813,20260508
349948,922,20260508
2570,1808,20260508
443306,709,20260508
452817,1061,20260508
218311,2873,20260508
150293,1392,20260508
366456,3205,20260508
67888,2120,20260508
122240,1002,20260508
62871,19231,20260508
8107,4103,20260508
340237,988,20260508
137155,1776,20260508
925,4948,20260508
278751,1532,20260508
162823,1904,20260508
257283,2689,20260508
117,1598,20260508
299452,888,20260508
1116,1707,20260508
288080,1387,20260508
133632,1931,20260508
197572,1312,20260508
255664,3378,20260508
296043,1933,20260508
383579,1004,20260508
398996,1115,20260508
258309,1597,20260508
8481,1289,20260508
327831,1426,20260508
17240,3598,20260508
215463,2618,20260508
162388,848,20260508
92190,2697,20260508
212281,1315,20260508
266504,1372,20260508
398162,770,20260508
443,2188,20260508
158339,2738,20260508
214293,3615,20260508
429438,761,20260508
280789,3128,20260508
437245,824,20260508
273814,895,20260508
220588,774,20260508
349963,1141,20260508
219217,1054,20260508
189453,1894,20260508
284616,950,20260508
378200,1768,20260508
2165,5366,20260508
229414,1419,20260508
118536,1794,20260508
151247,2443,20260508
299027,1998,20260508
40769,2038,20260508
154509,2516,20260508
374866,881,20260508
126996,1713,20260508
19764,1939,20260508
377420,1176,20260508
181960,2010,20260508
243358,1320,20260508
248900,1579,20260508
638,3481,20260508
189052,2592,20260508
255507,2772,20260508
209324,1035,20260508
25277,1031,20260508
40381,2514,20260508
123219,2021,20260508
143157,1990,20260508
353815,1120,20260508
148601,1259,20260508
153,2713,20260508
313065,1159,20260508
255570,717,20260508
354568,919,20260508
239840,1902,20260508
311731,841,20260508
421310,1280,20260508
300936,2019,20260508
31759,947,20260508
118247,4484,20260508
43152,1860,20260508
27848,2723,20260508
329450,2203,20260508
296626,1832,20260508
15953,1371,20260508
2603,1611,20260508
245352,1373,20260508
218129,2098,20260508
271754,1039,20260508
328211,2117,20260508
136056,1745,20260508
409496,985,20260508
154875,876,20260508
281515,723,20260508
58110,1680,20260508
422126,1331,20260508
209325,1649,20260508
394127,983,20260508
267475,1486,20260508
419639,1096,20260508
396251,762,20260508
381435,1011,20260508
227758,2129,20260508
319793,2800,20260508
8730,970,20260508
358690,2867,20260508
394334,1408,20260508
66849,1591,20260508
220827,801,20260508
71882,1740,20260508
262201,805,20260508
260757,1319,20260508
195372,1107,20260508
164698,1133,20260508
295945,1449,20260508
73316,1533,20260508
173105,865,20260508
230200,1534,20260508
12166,931,20260508
15290,2349,20260508
144864,1057,20260508
181293,2961,20260508
128898,1376,20260508
949,2671,20260508
344768,1200,20260508
172503,1378,20260508
205507,1388,20260508
137031,2120,20260508
262477,2998,20260508
422374,881,20260508
38531,1970,20260508
36399,993,20260508
383158,1051,20260508
374502,1223,20260508
410209,911,20260508
257759,2568,20260508
154182,1976,20260508
267401,1749,20260508
5781,1546,20260508
176530,1121,20260508
270636,1453,20260508
248949,1046,20260508
285157,790,20260508
29073,2323,20260508
10550,1719,20260508
322195,1226,20260508
331398,666,20260508
111148,2299,20260508
67185,2476,20260508
296694,708,20260508
217,3395,20260508
303954,1308,20260508
152765,817,20260508
283387,1991,20260508
250442,3124,20260508
463126,538,20260510
234621,1476,20260508
129050,2062,20260508
376740,1474,20260508
56933,2150,20260508
156138,1854,20260508
198138,1449,20260508
3085,2538,20260508
265683,2331,20260508
280032,1593,20260508
414685,1482,20260508
4491,3891,20260508
391752,931,20260508
204286,918,20260508
367379,1437,20260508
92044,1666,20260508
247104,849,20260508
29972,1844,20260508
313531,1582,20260508
209003,651,20260508
343433,995,20260508
283152,596,20260508
216199,984,20260508
251053,1063,20260508
333055,1195,20260508
118705,2109,20260508
72,2024,20260508
341974,1309,20260508
31483,1620,20260508
266529,689,20260508
198609,1143,20260508
407233,814,20260508
251890,1373,20260508
284587,980,20260508
1125,1293,20260508
180956,2327,20260508
10997,2702,20260508
37120,3236,20260508
298060,1640,20260508
234248,1199,20260508
445044,964,20260508
205045,1684,20260508
199793,1323,20260508
258074,1285,20260508
170587,1693,20260508
421374,1555,20260508
368609,1917,20260508
313,1158,20260508
231280,2356,20260508
358669,1672,20260508
144270,2442,20260508
302280,2959,20260508
65907,2644,20260508
138704,1208,20260508
1293,8945,20260508
245045,2056,20260508
175621,5042,20260508
371183,1093,20260508
169147,1880,20260508
367047,1058,20260508
163841,798,20260508
367396,734,20260508
1042,3411,20260508
216094,2041,20260508
411255,1680,20260508
270293,1195,20260508
145203,1957,20260508
16366,2761,20260508
234396,2508,20260508
14,1776,20260508
233868,1138,20260508
405923,971,20260508
245659,1265,20260508
232824,1407,20260508
251293,2366,20260508
216439,3302,20260508
303554,1015,20260508
283212,1321,20260508
15318,2550,20260508
352823,996,20260508
367662,1810,20260508
37400,2759,20260508
181495,1031,20260508
29839,1860,20260508
589,1669,20260508
324413,2549,20260508
298281,997,20260508
352606,750,20260508
340865,1315,20260508
338468,826,20260508
384,1070,20260508
16,1265,20260508
191071,1512,20260508
203780,2116,20260508
247314,1298,20260508
103649,2627,20260508
255708,1529,20260508
262208,2278,20260508
67254,801,20260508
368954,1097,20260508
335116,1137,20260508
128664,2775,20260508
223,1883,20260508
299592,2081,20260508
422019,2128,20260508
258148,1005,20260508
407317,1160,20260508
200934,1112,20260508
388339,1112,20260508
9341,1829,20260508
275916,1288,20260508
144415,1412,20260508
257193,1045,20260508
39206,3816,20260508
987,3088,20260508
351077,901,20260508
40529,1093,20260508
216658,974,20260508
415054,1726,20260508
340790,910,20260508
200454,1397,20260508
158109,1501,20260508
227212,788,20260508
198707,1014,20260508
20134,1653,20260508
401325,1300,20260508
173634,982,20260508
175,2855,20260508
129294,820,20260508
154906,1765,20260508
349992,1433,20260508
4394,2438,20260508
81453,3241,20260508
157789,3539,20260508
4218,2201,20260508
225729,1956,20260508
5867,2245,20260508
332885,1464,20260508
326936,773,20260508
415036,805,20260508
367527,471,20260508
41302,1974,20260508
4192,2311,20260508
142121,1124,20260508
276925,646,20260508
231819,1850,20260508
41627,974,20260508
162,2681,20260508
158572,1361,20260508
388329,769,20260508
431998,1134,20260508
1484,1691,20260508
185123,816,20260508
22143,634,20260508
15839,888,20260508
243797,1156,20260508
256,4339,20260508
212765,1530,20260508
30367,1686,20260508
377704,674,20260508
201248,2397,20260508
259061,1135,20260508
256066,919,20260508
90305,3067,20260508
287941,922,20260508
411861,546,20260508
224483,692,20260508
431994,1180,20260508
257066,1650,20260508
118418,1720,20260508
247342,1340,20260508
378983,1012,20260508
1917,17514,20260508
189190,1110,20260508
254513,1475,20260508
359764,1225,20260508
340216,665,20260508
80771,2168,20260508
416079,803,20260508
287322,1263,20260508
11229,1683,20260508
36400,696,20260508
297658,813,20260508
264239,2271,20260508
245271,3978,20260508
19841,3849,20260508
399806,1018,20260508
32441,3645,20260508
94480,1765,20260508
250396,695,20260508
394887,1302,20260508
16991,2838,20260508
426796,1262,20260508
441850,1043,20260508
293264,839,20260508
21791,2575,20260508
231999,1681,20260508
76150,1506,20260508
40832,1842,20260508
359124,859,20260508
32424,640,20260508
319579,1353,20260508
365357,576,20260508
379005,1139,20260508
343900,1330,20260508
334379,920,20260508
190400,1027,20260508
37196,3950,20260508
76417,1208,20260508
67180,1420,20260508
244,1712,20260508
204431,1462,20260508
69601,640,20260508
83667,1176,20260508
210040,1205,20260508
8172,2015,20260508
18866,3892,20260508
11057,753,20260508
1260,3146,20260508
260407,1785,20260508
322564,1325,20260508
67928,2040,20260508
127127,1622,20260508
344105,904,20260508
269160,1517,20260508
8195,1624,20260508
38506,2015,20260508
237860,1002,20260508
357,2333,20260508
192312,1125,20260508
341583,750,20260508
200890,1176,20260508
402207,847,20260508
161226,1963,20260508
269199,1533,20260508
130882,2316,20260508
125311,2297,20260508
360899,727,20260508
271530,1456,20260508
164812,2376,20260508
85250,2232,20260508
8095,2008,20260508
329939,1037,20260508
184346,3414,20260508
172547,1449,20260508
1155,1513,20260508
25261,3288,20260508
19643,2005,20260508
235591,910,20260508
371922,1190,20260508
1044,1110,20260508
111,1822,20260508
798,1202,20260508
18485,698,20260508
19427,1654,20260508
287607,1469,20260508
167763,1060,20260508
691,1851,20260508
350689,1213,20260508
714,5756,20260508
23107,2828,20260508
45748,1271,20260508
7866,2508,20260508
73070,1507,20260508
339614,1185,20260508
283797,1506,20260508
411033,1130,20260508
103686,1910,20260508
396618,1173,20260508
153623,1439,20260508
111732,1358,20260508
511,1087,20260508
233955,1791,20260508
278554,929,20260508
304985,696,20260508
9215,965,20260508
66587,2640,20260508
191572,2270,20260508
112373,2774,20260508
394735,661,20260508
296167,1378,20260508
139899,2131,20260508
334363,602,20260508
381117,778,20260508
298586,941,20260508
2288,1465,20260508
324345,1155,20260508
232520,1227,20260508
246816,1061,20260508
531,1702,20260508
199723,616,20260508
253185,2031,20260508
393179,816,20260508
387276,855,20260508
183315,850,20260508
142296,2172,20260508
281248,986,20260508
201186,1265,20260508
255249,506,20260508
345377,1160,20260508
230262,702,20260508
17161,2602,20260508
23418,634,20260508
237706,1050,20260508
237211,1565,20260508
264637,779,20260508
144568,664,20260508
205127,1298,20260508
12157,1084,20260508
246297,2251,20260508
34373,2597,20260508
181797,1264,20260508
122,2412,20260508
346482,1043,20260508
137423,1298,20260508
305462,917,20260508
235655,2036,20260508
223278,1373,20260508
178570,3079,20260508
348447,1532,20260508
2529,957,20260508
2266,2019,20260508
2932,1910,20260508
124827,920,20260508
171479,995,20260508
39927,1027,20260508
158340,1703,20260508
4688,592,20260508
206757,885,20260508
419199,796,20260508
18748,742,20260508
192934,2068,20260508
299255,1052,20260508
214234,833,20260508
341166,723,20260508
145645,1154,20260508
168679,4159,20260508
342921,623,20260508
188530,942,20260508
253398,1769,20260508
208775,1071,20260508
262341,1147,20260508
132544,1693,20260508
207016,1978,20260508
384150,918,20260508
401636,1815,20260508
369282,1105,20260508
19995,1266,20260508
184459,1014,20260508
234948,1007,20260508
91523,2634,20260508
265,2916,20260508
421606,899,20260508
348070,809,20260508
127493,764,20260508
77,705,20260508
191301,854,20260508
259066,609,20260508
59753,1352,20260508
352138,1020,20260508
117663,3405,20260508
264476,628,20260508
83734,763,20260508
317859,972,20260508
339263,555,20260508
360152,642,20260508
265017,1169,20260508
301607,672,20260508
353150,1200,20260508
341048,1020,20260508
184491,2255,20260508
359962,989,20260508
632,2338,20260508
193557,2112,20260508
253786,877,20260508
27356,2743,20260508
631,1038,20260508
102104,6003,20260508
215613,1546,20260508
21804,1331,20260508
317105,919,20260508
374400,717,20260508
237145,947,20260508
154428,1367,20260508
276386,634,20260508
2533,1197,20260508
271785,2003,20260508
247417,845,20260508
312767,1234,20260508
331979,686,20260508
323898,766,20260508
140535,1995,20260508
280132,1263,20260508
374541,829,20260508
1262,2024,20260508
119866,684,20260508
282439,1136,20260508
279720,1932,20260508
232666,1832,20260508
197065,790,20260508
117960,2446,20260508
883,2066,20260508
2375,12303,20260508
142402,1018,20260508
322709,1563,20260508
331328,1532,20260508
145976,886,20260508
287871,678,20260508
129556,2759,20260508
7865,2062,20260508
283649,1720,20260508
123609,668,20260508
319971,850,20260508
341935,1359,20260508
284775,1207,20260508
274037,1324,20260508
393892,629,20260508
440606,515,20260508
32484,1891,20260508
437705,872,20260508
4741,1039,20260508
367375,944,20260508
286,1139,20260508
411402,717,20260508
340288,953,20260508
418858,760,20260508
411894,696,20260508
200847,2636,20260508
139952,749,20260508
255393,536,20260508
55253,2080,20260508
257164,1114,20260508
338069,845,20260508
41429,719,20260508
270138,1739,20260508
15390,866,20260508
3972,1560,20260508
20,800,20260508
145633,1108,20260508
308621,757,20260508
275802,840,20260508
226213,966,20260508
293531,1346,20260508
193560,1909,20260508
240225,1678,20260508
297895,1477,20260508
177659,891,20260508
343927,773,20260508
3439,2585,20260508
261403,945,20260508
381327,758,20260508
128554,1790,20260508
359893,1613,20260508
2639,1833,20260508
329670,1084,20260508
124965,898,20260508
108,1432,20260508
295681,876,20260508
32944,810,20260508
187687,635,20260508
160081,1184,20260508
295535,664,20260508
378356,1074,20260508
264196,844,20260508
182082,864,20260508
31479,1498,20260508
34615,2343,20260508
3870,1066,20260508
168054,1624,20260508
246639,1188,20260508
234931,1124,20260508
125046,1225,20260508
39188,576,20260508
16216,2334,20260508
163930,2006,20260508
432716,968,20260508
35285,1066,20260508
188164,668,20260508
156501,1152,20260508
172971,1658,20260508
24037,1908,20260508
128931,1160,20260508
2476,1567,20260508
202982,1074,20260508
30241,1676,20260508
32116,2772,20260508
99392,1014,20260508
273779,864,20260508
203411,1179,20260508
201006,1148,20260508
147930,1325,20260508
370621,1022,20260508
315043,1121,20260508
172242,11042,20260508
258308,1947,20260508
370597,751,20260508
251723,646,20260508
192455,3806,20260508
173200,2508,20260508
244769,657,20260508
59,1473,20260508
359878,1442,20260508
312618,1640,20260508
14634,765,20260508
323262,1531,20260508
179182,1305,20260508
128445,1053,20260508
313473,1088,20260508
275870,1250,20260508
267735,1219,20260508
156442,1111,20260508
1423,945,20260508
520,2605,20260508
169464,747,20260508
154003,1658,20260508
309129,1316,20260508
22897,1009,20260508
23686,2713,20260508
386538,506,20260508
30539,7053,20260508
254123,725,20260508
322703,1460,20260508
216403,1081,20260508
231962,898,20260508
2389,9285,20260508
228668,828,20260508
421199,918,20260508
28620,1928,20260508
1589,1313,20260508
191475,695,20260508
438442,748,20260510
348,1416,20260508
196257,692,20260508
140717,2011,20260508
56786,1601,20260508
122588,934,20260508
55952,1022,20260508
439765,433,20260508
256065,1115,20260508
267814,1931,20260508
381078,890,20260508
347883,1333,20260508
302344,972,20260508
134520,603,20260508
193670,760,20260508
322697,902,20260508
202288,1414,20260508
219832,840,20260508
376747,1701,20260508
352238,928,20260508
28829,1106,20260508
255907,1349,20260508
419384,615,20260508
19348,1288,20260508
168274,1852,20260508
67600,528,20260508
22532,1302,20260508
176524,697,20260508
7806,2401,20260508
80006,1856,20260508
38309,745,20260508
419130,1046,20260508
197320,849,20260508
1491,1245,20260508
32674,1005,20260508
148290,1849,20260508
233896,1165,20260508
409572,784,20260508
361025,764,20260508
307561,1672,20260508
371873,768,20260508
179245,1267,20260508
84889,641,20260508
206490,762,20260508
235344,799,20260508
250561,893,20260508
297510,580,20260508
250621,988,20260508
344114,2364,20260508
237087,1667,20260508
217776,932,20260508
8829,1267,20260508
225910,1136,20260508
193621,6681,20260508
348602,980,20260508
103660,1184,20260508
932,1348,20260508
344839,1476,20260508
373577,886,20260508
287,1874,20260508
6068,2605,20260508
234190,11704,20260508
171890,2014,20260508
206509,596,20260508
154301,1547,20260508
429767,696,20260508
286431,785,20260508
149809,1429,20260508
1334,2037,20260508
391834,2176,20260508
40425,1644,20260508
78733,750,20260508
174524,985,20260508
191055,1220,20260508
133956,1025,20260508
410103,685,20260508
373105,482,20260508
313718,1021,20260508
283242,909,20260508
359612,518,20260508
299371,488,20260508
121193,2515,20260508
347900,756,20260508
118000,1453,20260508
412963,453,20260508
257,7485,20260508
160958,1073,20260508
340541,853,20260508
311475,674,20260508
936,1208,20260508
352596,825,20260508
247694,1160,20260508
2238,1923,20260508
4583,1181,20260508
272409,1772,20260508
266179,1161,20260508
428058,1313,20260508
17449,2464,20260508
8170,2070,20260508
1425,880,20260508
3837,4317,20260508
185196,2002,20260508
6366,2105,20260508
324242,1100,20260508
143096,894,20260508
4174,3542,20260508
325853,1720,20260508
204493,767,20260508
283642,852,20260508
245928,707,20260508
300700,1405,20260508
376472,894,20260508
143176,1265,20260508
415465,719,20260508
266993,1187,20260508
34969,1205,20260508
286160,1031,20260508
1194,1216,20260508
221248,479,20260508
153097,1611,20260508
378117,802,20260508
6866,542,20260508
200058,1015,20260508
191538,1468,20260508
24762,1763,20260508
400203,731,20260508
305752,795,20260508
275969,843,20260508
437581,836,20260508
3041,787,20260508
153737,1150,20260508
125977,749,20260508
119012,1095,20260508
11945,1127,20260508
396542,855,20260508
265784,836,20260508
35572,1321,20260508
124668,1208,20260508
182704,1781,20260508
208480,1048,20260508
359406,847,20260508
136000,1114,20260508
358284,982,20260508
191612,538,20260508
417403,519,20260508
805,1743,20260508
173096,1013,20260508
250780,1405,20260508
313073,558,20260508
457386,870,20260508
5620,780,20260508
335869,1559,20260508
258242,729,20260508
339031,883,20260508
172552,2167,20260508
94902,639,20260508
225885,2882,20260508
423553,478,20260508
298562,576,20260508
189067,1256,20260508
97683,557,20260508
130877,1765,20260508
84465,759,20260508
70519,754,20260508
313698,1264,20260508
815,5679,20260508
44,1783,20260508
284333,806,20260508
408280,873,20260508
388476,773,20260508
246201,1093,20260508
33643,1236,20260508
37734,1419,20260508
28723,1545,20260508
305986,1581,20260508
4249,2092,20260508
5622,659,20260508
245197,1901,20260508
242520,654,20260508
237031,803,20260508
90870,1276,20260508
181617,962,20260508
119781,1016,20260508
420862,899,20260508
360471,764,20260508
165556,897,20260508
229741,1232,20260508
390406,464,20260508
215371,1053,20260508
21654,1878,20260508
93724,1228,20260508
17393,744,20260508
133528,1268,20260508
38032,1454,20260508
233676,2135,20260508
175360,732,20260508
377480,667,20260508
275010,567,20260508
287158,1095,20260508
38786,522,20260508
31291,789,20260508
2162,2357,20260508
418542,530,20260508
371535,1484,20260508
383790,1014,20260508
383360,936,20260508
245353,1330,20260508
227273,785,20260508
281658,1252,20260508
95105,1767,20260508
228602,753,20260508
35505,1918,20260508
198522,934,20260508
260710,1107,20260508
23817,665,20260508
192834,1422,20260508
232524,1269,20260508
943,5272,20260508
118610,1394,20260508
23730,1810,20260508
256067,1007,20260508
253106,968,20260508
124839,585,20260508
96792,1105,20260508
296577,794,20260508
300305,1172,20260508
12350,949,20260508
283211,1240,20260508
692,1278,20260508
463441,756,20260508
101,1157,20260508
30,1432,20260508
5451,1170,20260508
228133,1155,20260508
377449,1240,20260508
275974,679,20260508
169,1764,20260508
210900,1337,20260508
234828,830,20260508
24509,2037,20260508
1758,1338,20260508
96152,933,20260508
508,857,20260508
301019,706,20260508
85769,607,20260508
35350,916,20260508
423270,979,20260508
380837,1249,20260508
14808,2510,20260508
197831,4680,20260508
181260,1318,20260508
129731,846,20260508
135281,1029,20260508
423787,595,20260508
272438,1821,20260508
387560,900,20260508
3202,699,20260508
327971,1235,20260508
382549,749,20260508
3967,980,20260508
390478,617,20260508
3421,1651,20260508
1621,1098,20260508
1561,1615,20260508
159469,648,20260508
25951,2203,20260508
302917,1640,20260508
420,1698,20260508
635,2039,20260508
205498,936,20260508
148532,1105,20260508
68076,517,20260508
406232,627,20260508
313261,790,20260508
243538,715,20260508
283792,998,20260508
58602,1336,20260508
364356,470,20260508
295103,513,20260508
437,2937,20260508
367490,932,20260508
238916,588,20260508
356313,562,20260508
406663,773,20260508
177965,1261,20260508
254188,1547,20260508
759,780,20260508
343566,644,20260508
2795,2301,20260508
20545,4054,20260508
423434,847,20260508
5406,1841,20260508
129351,1886,20260508
172155,775,20260508
130792,1481,20260508
231197,1301,20260508
436931,654,20260508
279306,701,20260508
360061,592,20260508
409978,650,20260508
108722,1066,20260508
38548,1666,20260508
200456,671,20260508
267009,1059,20260508
20022,1845,20260508
207062,1687,20260508
270538,994,20260508
433,1466,20260508
27463,1428,20260508
329484,992,20260508
369270,1570,20260508
319392,640,20260508
236248,1559,20260508
241491,1798,20260508
192947,1385,20260508
23451,1662,20260508
75091,1113,20260508
130899,1641,20260508
383459,917,20260508
42939,907,20260508
287754,562,20260508
434222,1038,20260508
408381,493,20260508
39242,1561,20260508
393530,797,20260508
368465,1042,20260508
193210,1407,20260508
270131,650,20260508
377515,1313,20260508
256513,932,20260508
255683,1256,20260508
179719,2177,20260508
172881,1143,20260508
219708,1559,20260508
149241,997,20260508
274533,5024,20260508
124969,708,20260508
299702,714,20260508
141090,636,20260508
368119,647,20260508
165967,479,20260508
393175,991,20260508
152237,2477,20260508
336195,637,20260508
230769,987,20260508
20133,682,20260508
296,1203,20260508
275284,726,20260508
339289,725,20260508
181761,1520,20260508
142325,2344,20260508
8490,1179,20260508
12346,2039,20260508
321641,694,20260508
19948,1867,20260508
433384,651,20260508
178613,1715,20260508
244099,927,20260508
58,1715,20260508
261145,642,20260508
156548,1245,20260508
295949,758,20260508
245357,972,20260508
257058,1013,20260508
109779,1327,20260508
208766,1585,20260508
435423,708,20260508
302469,648,20260508
360641,479,20260508
226631,941,20260508
192547,1331,20260508
100679,1368,20260508
27048,1434,20260508
306680,1273,20260508
282922,1216,20260508
296063,826,20260508
311930,927,20260508
182351,1901,20260508
177249,1954,20260508
287742,971,20260508
213492,1178,20260508
207991,963,20260508
367351,808,20260508
352263,662,20260508
75212,1123,20260508
118497,1369,20260508
371140,535,20260508
3263,511,20260508
436161,608,20260508
299566,541,20260508
260332,1047,20260508
40831,1565,20260508
171129,1855,20260508
10081,2219,20260508
138788,8529,20260508
404513,638,20260508
248117,1030,20260508
312804,2291,20260508
322010,657,20260508
164840,3132,20260508
36708,942,20260508
130486,671,20260508
360617,854,20260508
289247,445,20260508
267304,455,20260508
46007,965,20260508
1265,1301,20260508
368975,511,20260508
256918,1482,20260508
199493,934,20260508
181329,858,20260508
214988,554,20260508
344254,853,20260508
415078,629,20260508
367771,982,20260508
257198,637,20260508
150926,1395,20260508
365742,949,20260508
330152,1165,20260508
2582,2599,20260508
139033,955,20260508
135649,1989,20260508
39813,1499,20260508
333553,966,20260508
299,722,20260508
413364,779,20260508
99875,4513,20260508
464,1020,20260508
8924,2445,20260508
378477,544,20260508
282418,660,20260508
224316,960,20260508
33107,1575,20260508
174744,943,20260508
141791,1057,20260508
1770,783,20260508
1038,2376,20260508
63091,665,20260508
108831,888,20260508
188314,760,20260508
292564,1396,20260508
230342,1437,20260508
372649,924,20260508
314577,417,20260508
315631,976,20260508
1017,1023,20260508
29773,1278,20260508
2612,748,20260508
218050,939,20260508
3236,1368,20260508
223779,2027,20260508
186995,1030,20260508
156373,891,20260508
788,838,20260508
5205,907,20260508
320819,1173,20260508
827,1679,20260508
155708,2981,20260508
361214,1020,20260508
94389,986,20260508
142124,795,20260508
286344,449,20260508
341573,1723,20260508
1597,1852,20260508
14083,617,20260508
349523,548,20260508
333981,864,20260508
252854,722,20260508
177079,1436,20260508
124380,1764,20260508
344697,467,20260508
189,955,20260508
317981,1082,20260508
3139,1295,20260508
334829,726,20260508
420915,667,20260508
343282,1089,20260508
22398,1205,20260508
353572,765,20260508
236245,1110,20260508
96749,611,20260508
299571,1768,20260508
206504,1541,20260508
325096,415,20260508
22551,1179,20260508
114387,969,20260508
269618,989,20260508
274090,1068,20260508
147,1158,20260508
322499,466,20260508
288558,849,20260508
169704,1161,20260508
270956,913,20260508
166158,1689,20260508
255805,921,20260508
11168,938,20260508
379583,522,20260508
79073,1948,20260508
439983,660,20260508
40770,1505,20260508
353905,766,20260508
420361,620,20260508
36888,962,20260508
180602,2155,20260508
437356,433,20260508
203102,1268,20260508
319135,504,20260508
172546,1760,20260508
41569,1634,20260508
257067,1154,20260508
19301,1629,20260508
251442,1033,20260508
238094,595,20260508
369899,827,20260508
426912,611,20260508
204837,1142,20260508
15889,1339,20260508
431248,961,20260508
168433,1148,20260508
344338,810,20260508
174155,687,20260508
415910,787,20260508
177197,1094,20260508
124968,695,20260508
418812,490,20260508
172225,41469,20260508
162559,1637,20260508
350064,644,20260508
2516,777,20260508
234432,675,20260508
6050,1704,20260508
255360,753,20260508
379761,495,20260508
155122,934,20260508
270168,1067,20260508
269041,1048,20260508
8124,1822,20260508
257096,759,20260508
374562,508,20260508
192638,1563,20260508
311031,859,20260508
309408,1053,20260508
173341,1977,20260508
257435,601,20260508
418354,812,20260508
214,3010,20260508
177939,667,20260508
66855,537,20260508
267370,1594,20260508
251420,3602,20260508
351648,465,20260508
99358,350,20260508
276997,651,20260508
46158,622,20260508
183896,1411,20260508
216381,816,20260508
388036,696,20260508
127095,1340,20260508
3267,1463,20260508
373828,517,20260508
19996,1210,20260508
341416,1235,20260508
271460,4028,20260508
25729,657,20260508
415090,859,20260508
371133,537,20260508
20806,1729,20260508
117942,2076,20260508
358246,909,20260508
135243,927,20260508
293959,441,20260508
4505,1046,20260508
176565,1247,20260508
38872,1060,20260508
25071,5697,20260508
189848,1501,20260508
294378,557,20260508
272993,932,20260508
108044,2811,20260508
298282,875,20260508
402215,555,20260508
350198,761,20260508
71655,1195,20260508
140343,833,20260508
338,1094,20260508
15369,432,20260508
140951,912,20260508
147116,2806,20260508
354273,699,20260508
256707,515,20260508
117914,1250,20260508
403683,509,20260508
32165,1371,20260508
287228,1188,20260508
199223,1215,20260508
229370,685,20260508
23604,765,20260508
180325,791,20260508
34320,1412,20260508
180198,1981,20260508
137776,1431,20260508
39336,460,20260508
34127,4136,20260508
161546,1163,20260508
425560,664,20260508
172540,1190,20260508
242667,1389,20260508
247160,1743,20260508
254619,756,20260508
382229,676,20260508
284229,1089,20260508
40444,1691,20260508
283095,892,20260508
154173,922,20260508
79131,1583,20260508
331059,1236,20260508
258451,1711,20260508
76674,2066,20260508
328575,789,20260508
193668,786,20260508
56707,1259,20260508
377716,927,20260508
317519,391,20260508
155451,496,20260508
165662,1265,20260508
307844,792,20260508
183308,471,20260508
364994,826,20260508
318183,905,20260508
205885,979,20260508
322524,1027,20260508
700,2536,20260508
367442,624,20260508
376610,613,20260508
21641,1684,20260508
368463,536,20260508
205477,865,20260508
329,750,20260508
43307,670,20260508
253652,473,20260508
186721,687,20260508
256705,985,20260508
186279,546,20260508
386148,774,20260508
333372,647,20260508
626,1238,20260508
429845,541,20260508
129122,458,20260508
313963,1638,20260508
160418,494,20260508
300664,954,20260508
379959,582,20260508
142830,929,20260508
314589,741,20260508
266448,510,20260508
185709,1125,20260508
126008,615,20260508
302270,759,20260508
276004,1017,20260508
224031,1131,20260508
173047,1201,20260508
6541,1780,20260508
244330,1415,20260508
367260,498,20260508
358636,521,20260508
161547,1148,20260508
18985,929,20260508
202721,511,20260508
368036,615,20260508
222887,1115,20260508
211940,1401,20260508
235544,538,20260508
12681,1488,20260508
18500,904,20260508
246150,1190,20260508
374201,703,20260508
227545,857,20260508
24565,1296,20260508
362164,696,20260508
341165,1271,20260508
102148,1830,20260508
314421,1747,20260508
160903,565,20260508
270836,2540,20260508
18291,1337,20260508
453594,315,20260508
96713,2023,20260508
83040,500,20260508
201308,735,20260508
353945,693,20260508
247436,1228,20260508
356883,500,20260508
11949,601,20260508
353304,965,20260508
387388,972,20260508
292811,662,20260508
41003,1437,20260508
1037,655,20260508
431718,502,20260508
292187,506,20260508
364792,802,20260508
200171,786,20260508
341512,457,20260508
22278,1711,20260508
256509,755,20260508
37231,1080,20260508
95234,2069,20260508
231991,870,20260508
2604,1392,20260508
175695,960,20260508
263938,515,20260508
124847,1282,20260508
246228,1179,20260508
216798,620,20260508
139245,667,20260508
205907,682,20260508
15033,1421,20260508
271512,2093,20260508
447746,552,20260508
376223,806,20260508
340834,749,20260508
257668,653,20260508
179071,764,20260508
18460,635,20260508
335528,735,20260508
63706,1874,20260508
332015,850,20260508
300367,950,20260508
359927,595,20260508
908,3165,20260508
164702,501,20260508
234429,1148,20260508
446231,1623,20260508
424751,568,20260508
429765,585,20260508
206939,1446,20260508
186864,646,20260508
182120,1334,20260508
215308,938,20260508
2633,2136,20260508
422,753,20260508
265285,827,20260508
29410,994,20260508
1419,2306,20260508
304324,1424,20260508
216856,755,20260508
154910,567,20260508
329593,723,20260508
307971,801,20260508
415981,804,20260508
274349,815,20260508
12632,1423,20260508
415792,620,20260508
32341,3373,20260508
234337,827,20260508
339,3958,20260508
34599,2175,20260508
256877,1729,20260508
132428,1185,20260508
3409,792,20260508
25574,1770,20260508
4090,631,20260508
142854,584,20260508
200,1541,20260508
356768,634,20260508
419642,354,20260508
137397,1170,20260508
6795,2202,20260508
37301,538,20260508
252688,584,20260508
367280,617,20260508
326908,778,20260508
195867,822,20260508
194230,909,20260508
60131,1998,20260508
149853,1108,20260508
78954,879,20260508
190639,1177,20260508
37165,1108,20260508
122889,910,20260508
261342,655,20260508
204728,398,20260508
7349,489,20260508
249673,1055,20260508
115293,964,20260508
276090,623,20260508
75547,1877,20260508
65673,1516,20260508
241225,543,20260508
280834,664,20260508
341027,718,20260508
269420,807,20260508
129090,3376,20260508
178944,930,20260508
84772,797,20260508
178302,779,20260508
324513,549,20260508
353411,689,20260508
68858,581,20260508
128063,1297,20260508
6613,453,20260508
4616,729,20260508
84838,595,20260508
359318,694,20260508
56885,851,20260508
84469,1273,20260508
362366,814,20260508
345888,487,20260508
3655,1374,20260508
268890,1141,20260508
351876,509,20260508
269146,1211,20260508
3605,486,20260508
3348,881,20260508
357746,741,20260508
232979,801,20260508
435330,651,20260508
450175,375,20260508
205057,757,20260508
9,1470,20260508
269526,1119,20260508
258104,1036,20260508
207910,825,20260508
17484,622,20260508
277080,660,20260508
318709,613,20260508
175973,504,20260508
91534,3267,20260508
294263,552,20260508
255633,731,20260508
24920,658,20260508
193512,516,20260508
713,3013,20260508
25213,1198,20260508
155173,1460,20260508
17104,1637,20260508
221155,728,20260508
256839,691,20260508
391124,541,20260508
85,782,20260508
19,2025,20260508
2448,8058,20260508
2290,1685,20260508
186323,644,20260508
93538,1280,20260508
299800,718,20260508
277670,983,20260508
35614,430,20260508
1472,4389,20260508
370757,805,20260508
193428,825,20260508
19854,576,20260508
294175,967,20260508
147537,427,20260508
275034,626,20260508
6688,606,20260508
170199,610,20260508
145308,1879,20260508
101020,892,20260508
331582,373,20260508
215616,516,20260508
178044,733,20260508
309917,413,20260508
345088,851,20260508
38194,2153,20260508
341919,849,20260508
202755,690,20260508
144734,1073,20260508
1645,712,20260508
278783,644,20260508
5942,841,20260508
416059,620,20260508
334537,955,20260508
235627,814,20260508
176803,1222,20260508
300369,807,20260508
270269,917,20260508
29663,544,20260508
234711,646,20260508
302461,656,20260508
425505,430,20260508
253807,702,20260508
140519,1706,20260508
25674,1904,20260508
670,1297,20260508
25234,1462,20260508
299106,594,20260508
135262,1189,20260508
212404,1087,20260508
139131,403,20260508
3234,1129,20260508
430563,835,20260508
302193,690,20260508
294047,639,20260508
382035,507,20260508
149119,996,20260508
378001,975,20260508
437301,862,20260508
380,1785,20260508
163640,1740,20260508
36345,5598,20260508
285773,1668,20260508
188720,706,20260508
302809,1191,20260508
204575,918,20260508
393352,727,20260508
346199,666,20260508
249821,1449,20260508
346057,1193,20260508
299450,531,20260508
393114,866,20260508
256623,933,20260508
405538,947,20260508
140863,1921,20260508
149787,684,20260508
400113,974,20260508
135116,1905,20260508
328826,606,20260508
3141,1631,20260508
247724,536,20260508
152899,721,20260508
218995,1090,20260508
3986,630,20260508
344925,616,20260508
421823,550,20260508
97357,1101,20260508
1459,1391,20260508
316750,1177,20260508
17804,896,20260508
28025,1545,20260508
440023,468,20260508
317321,1266,20260508
383496,474,20260508
369993,495,20260508
178494,627,20260508
379625,835,20260508
365526,640,20260508
156180,954,20260508
260316,792,20260508
420242,589,20260508
120605,1130,20260508
390422,938,20260508
302734,1023,20260508
244320,827,20260508
148261,3736,20260508
9028,2374,20260508
5795,1099,20260508
341245,971,20260508
25794,784,20260508
31722,554,20260508
440509,541,20260508
402106,878,20260508
385999,969,20260508
197072,590,20260508
321539,1095,20260508
156266,692,20260508
301084,942,20260508
298572,1160,20260508
257601,436,20260508
352135,384,20260508
257674,884,20260508
193953,574,20260508
178896,330,20260508
105624,841,20260508
103132,912,20260508
306637,479,20260508
153728,445,20260508
253719,1232,20260508
184842,1410,20260508
349369,612,20260508
35342,566,20260508
170,4334,20260508
423432,538,20260508
215437,559,20260508
73863,1419,20260508
9408,1457,20260508
410680,528,20260508
343525,566,20260508
75223,967,20260508
368386,405,20260508
1430,681,20260508
369898,704,20260508
545,954,20260508
160964,2027,20260508
282291,1056,20260508
292032,1239,20260508
306482,671,20260508
86955,3800,20260508
404509,501,20260508
4370,1050,20260508
10788,536,20260508
357975,637,20260508
10383,2745,20260508
325829,851,20260508
161880,490,20260508
367833,477,20260508
224133,640,20260508
131118,929,20260508
29109,1510,20260508
2652,1097,20260508
97915,816,20260508
129320,1059,20260508
311823,494,20260508
155,701,20260508
445673,554,20260508
281094,1133,20260508
27172,1279,20260508
122891,973,20260508
296238,595,20260508
184522,2263,20260508
245645,676,20260508
286343,397,20260508
20080,1722,20260508
1444,521,20260508
200785,1703,20260508
98085,2130,20260508
256669,738,20260508
363547,406,20260508
436936,432,20260508
32114,1034,20260508
315234,593,20260508
33003,453,20260508
315059,655,20260508
257305,869,20260508
249675,681,20260508
30356,767,20260508
192927,1628,20260508
277025,787,20260508
259809,785,20260508
174614,1175,20260508
110,2055,20260508
41490,514,20260508
275089,809,20260508
258412,849,20260508
443932,591,20260508
355735,1038,20260508
357659,495,20260508
380442,519,20260508
66085,769,20260508
266304,955,20260508
38657,1245,20260508
2228,1040,20260508
322543,558,20260508
257380,811,20260508
257839,682,20260508
235,1529,20260508
169274,589,20260508
136594,1357,20260508
22287,1839,20260508
366318,647,20260508
358216,504,20260508
371,871,20260508
402669,1091,20260508
444,2222,20260508
36424,578,20260508
177147,717,20260508
67601,388,20260508
160968,1157,20260508
327266,386,20260508
429766,550,20260508
5419,948,20260508
215565,281,20260508
178550,473,20260508
139562,641,20260508
173441,888,20260508
293275,778,20260508
68228,949,20260508
397788,728,20260508
199182,350,20260508
325414,4312,20260508
414302,690,20260508
247704,561,20260508
193840,1419,20260508
40531,1382,20260508
73538,2912,20260508
418581,623,20260508
29308,1643,20260508
415550,739,20260508
292034,929,20260508
414107,1011,20260508
284429,856,20260508
25584,1206,20260508
6931,1251,20260508
356742,636,20260508
1768,1812,20260508
21892,1292,20260508
118402,1058,20260508
150146,1167,20260508
186701,934,20260508
281455,675,20260508
354768,734,20260508
118215,1125,20260508
342343,623,20260508
1666,469,20260508
266140,442,20260508
160559,1005,20260508
36367,744,20260508
4095,5176,20260508
23985,1022,20260508
254888,566,20260508
31133,1441,20260508
366322,504,20260508
1710,609,20260508
125993,415,20260508
189664,439,20260508
199242,712,20260508
140125,509,20260508
447575,353,20260508
1447,372,20260508
31503,1086,20260508
68247,1043,20260508
317511,785,20260508
154443,1268,20260508
19184,792,20260508
22198,2235,20260508
348073,637,20260508
152757,862,20260508
93971,750,20260508
203828,1435,20260508
397138,512,20260508
295957,944,20260508
448740,351,20260508
334137,545,20260508
276497,812,20260508
226254,739,20260508
354729,941,20260508
254588,369,20260508
342948,352,20260508
230251,2563,20260508
249814,643,20260508
230498,2242,20260508
23,701,20260508
353543,824,20260508
234521,463,20260508
368263,505,20260508
267244,375,20260508
257582,892,20260508
360503,553,20260508
7104,540,20260508
383242,641,20260508
131891,1473,20260508
432451,884,20260508
124622,445,20260508
3406,606,20260508
283135,655,20260508
1431,1104,20260508
3632,1359,20260508
362202,1347,20260508
1036,893,20260508
242324,963,20260508
219512,775,20260508
159492,1480,20260508
257707,667,20260508
121041,793,20260508
263192,401,20260508
360951,900,20260508
129156,421,20260508
341358,1105,20260508
104573,964,20260508
170318,547,20260508
330403,875,20260508
29687,1274,20260508
131449,605,20260508
200726,910,20260508
74390,780,20260508
334652,564,20260508
72667,710,20260508
135654,780,20260508
231748,876,20260508
75448,486,20260508
204605,705,20260508
381188,559,20260508
194789,1335,20260508
329089,337,20260508
214491,1079,20260508
11265,697,20260508
246855,926,20260508
834,1180,20260508
284446,600,20260508
236239,381,20260508
245136,833,20260508
261009,761,20260508
391290,489,20260508
318195,673,20260508
306697,650,20260508
387769,698,20260508
146735,1866,20260508
107190,805,20260508
427624,963,20260508
192120,1094,20260508
1323,787,20260508
349812,1182,20260508
4529,2148,20260508
247136,400,20260508
2689,720,20260508
247360,714,20260508
2998,592,20260508
289550,725,20260508
342062,442,20260508
448435,390,20260508
167698,3426,20260508
255363,760,20260508
209877,355,20260508
141,1333,20260508
437337,417,20260508
782,883,20260508
266064,859,20260508
3243,2996,20260508
71021,2560,20260508
29259,782,20260508
136440,657,20260508
228051,473,20260508
142084,544,20260508
5684,434,20260508
859,2702,20260508
373835,385,20260508
250664,466,20260508
335240,612,20260508
171835,1332,20260508
253574,935,20260508
349793,760,20260508
179933,688,20260508
353745,496,20260508
154634,1568,20260508
122159,3664,20260508
42743,1046,20260508
264141,512,20260508
310442,556,20260508
13293,856,20260508
10660,823,20260508
241164,1101,20260508
195227,556,20260508
102898,1007,20260508
1213,999,20260508
4112,923,20260508
419720,584,20260508
6281,1436,20260508
6581,358,20260508
234450,610,20260508
804,899,20260508
277030,365,20260508
359838,554,20260508
37208,917,20260508
4212,405,20260508
180231,1244,20260508
354307,454,20260508
178591,507,20260508
344415,490,20260508
311725,949,20260508
424679,456,20260508
374200,576,20260508
230408,2119,20260508
179820,727,20260508
327076,1417,20260508
204817,796,20260508
7804,1811,20260508
346645,509,20260508
230765,1159,20260508
209641,515,20260508
173805,702,20260508
8147,889,20260508
293,1579,20260508
252693,648,20260508
19650,1224,20260508
254088,864,20260508
429861,547,20260508
200924,748,20260508
75789,1140,20260508
179448,322,20260508
2981,470,20260508
178940,526,20260508
5576,2856,20260508
395364,670,20260508
226176,496,20260508
3154,1473,20260508
380109,316,20260508
249689,649,20260508
131682,1069,20260508
263155,1073,20260508
32014,727,20260508
10819,605,20260508
269967,649,20260508
298378,739,20260508
227127,353,20260508
283,804,20260508
153425,1175,20260508
369635,462,20260508
348877,382,20260508
236305,741,20260508
316795,422,20260508
411404,758,20260508
431929,326,20260508
380439,879,20260508
265430,445,20260508
178134,1024,20260508
168839,939,20260508
4204,412,20260508
91034,952,20260508
324157,334,20260508
21754,1572,20260508
231665,1699,20260508
431582,282,20260508
258411,841,20260508
188188,792,20260508
342207,908,20260508
550,1542,20260508
3128,985,20260508
195194,797,20260508
4211,419,20260508
428787,509,20260508
277538,322,20260508
269489,390,20260508
166854,450,20260508
24070,430,20260508
318556,1188,20260508
176146,438,20260508
282463,973,20260508
262733,724,20260508
143075,1289,20260508
147623,1141,20260508
21380,788,20260508
317432,802,20260508
112869,1720,20260508
296512,874,20260508
42898,1304,20260508
333516,451,20260508
206299,598,20260508
6707,3309,20260508
18803,5473,20260508
7929,1095,20260508
312512,550,20260508
278120,1124,20260508
423632,547,20260508
217949,1063,20260508
2535,1221,20260508
38749,733,20260508
380105,645,20260508
420017,423,20260508
173319,732,20260508
25420,1035,20260508
234469,952,20260508
295565,726,20260508
207330,566,20260508
19679,469,20260508
217099,476,20260508
192297,733,20260508
357271,903,20260508
33468,1796,20260508
137154,684,20260508
167298,897,20260508
235365,801,20260508
173536,625,20260508
232830,861,20260508
301665,432,20260508
3464,711,20260508
212662,489,20260508
234691,1081,20260508
320698,333,20260508
102181,1411,20260508
116858,1541,20260508
3452,1366,20260508
267314,1326,20260508
294448,1050,20260508
447649,542,20260508
337864,311,20260508
219232,845,20260508
1585,369,20260508
411003,456,20260508
238164,1081,20260508
568,2150,20260508
259069,1000,20260508
3553,399,20260508
137290,1013,20260508
194923,317,20260508
53168,803,20260508
40214,1915,20260508
253215,1088,20260508
380134,659,20260508
194286,756,20260508
268493,912,20260508
187353,488,20260508
257733,860,20260508
13883,552,20260508
2455,585,20260508
342200,524,20260508
651,1059,20260508
424995,485,20260508
20609,444,20260508
359601,595,20260508
3893,474,20260508
94373,320,20260508
2748,711,20260508
4471,2183,20260508
148205,1114,20260508
13123,587,20260508
359065,311,20260508
315221,597,20260508
388413,974,20260508
271064,474,20260508
173294,507,20260508
284842,999,20260508
366790,567,20260508
22457,871,20260508
342010,750,20260508
446953,656,20260508
390163,643,20260508
316080,431,20260508
31056,946,20260508
145601,838,20260508
84159,1341,20260508
310953,724,20260508
214996,370,20260508
1209,811,20260508
2247,619,20260508
5336,1696,20260508
448500,539,20260508
396587,345,20260508
360843,477,20260508
33665,315,20260508
360359,557,20260508
7479,2818,20260508
425630,384,20260508
368035,541,20260508
302926,434,20260508
32989,297,20260508
22347,1039,20260508
244144,623,20260508
155689,597,20260508
3312,1089,20260508
133285,578,20260508
115233,1100,20260508
404883,344,20260508
156372,348,20260508
254213,577,20260508
6955,1420,20260508
265381,889,20260508
14080,470,20260508
142555,688,20260508
247182,476,20260508
1552,1328,20260508
220780,1498,20260508
401493,571,20260508
300329,833,20260508
57163,877,20260508
391497,698,20260508
18289,895,20260508
179835,1039,20260508
265204,605,20260508
27739,418,20260508
30804,411,20260508
403,1909,20260508
374909,374,20260508
234877,1121,20260508
4556,818,20260508
24304,1648,20260508
104994,1014,20260508
96613,1513,20260508
383064,542,20260508
4206,355,20260508
368352,441,20260508
198517,486,20260508
257006,556,20260508
290618,552,20260508
317299,1252,20260508
101865,374,20260508
9825,962,20260508
431,1092,20260508
130552,483,20260508
217990,451,20260508
171630,1150,20260508
2539,830,20260508
98242,1220,20260508
69120,1772,20260508
439306,550,20260508
435979,491,20260508
8229,1275,20260508
22237,1021,20260508
5534,1258,20260508
408839,474,20260508
163163,544,20260508
216578,830,20260508
250309,764,20260508
267,720,20260508
313919,510,20260508
196217,414,20260508
175878,1738,20260508
92120,1022,20260508
435360,565,20260508
1372,549,20260508
253399,632,20260508
32838,364,20260508
350637,629,20260508
150484,588,20260508
147431,722,20260508
423577,424,20260508
229427,466,20260508
6719,520,20260508
182094,1513,20260508
29581,1390,20260508
279644,455,20260508
1679,439,20260508
237728,1522,20260508
67181,794,20260508
17027,2154,20260508
243696,677,20260508
2250,957,20260508
12004,1983,20260508
309752,524,20260508
19363,765,20260508
13362,1151,20260508
415836,1204,20260508
275469,1118,20260508
29387,6889,20260508
229598,850,20260508
183572,411,20260508
367476,570,20260508
201846,738,20260508
387763,656,20260508
35248,1230,20260508
236272,795,20260508
407805,461,20260508
3086,1184,20260508
146784,626,20260508
255455,618,20260508
109969,856,20260508
123576,1017,20260508
399011,589,20260508
183578,337,20260508
306300,1146,20260508
319263,861,20260508
1830,647,20260508
269257,1071,20260508
95,1087,20260508
188390,343,20260508
255659,442,20260508
352483,358,20260508
276856,451,20260508
225163,820,20260508
148271,592,20260508
375931,382,20260508
218376,483,20260508
424395,406,20260508
207753,1105,20260508
63632,802,20260508
391886,449,20260508
393888,720,20260508
257372,759,20260508
12140,477,20260508
163920,1833,20260508
237251,432,20260508
374134,560,20260508
257284,670,20260508
408770,686,20260508
265524,2009,20260508
359211,260,20260508
248167,694,20260508
154880,1781,20260508
200247,307,20260508
12896,362,20260508
321596,691,20260508
17991,579,20260508
380887,493,20260508
130680,1405,20260508
328555,344,20260508
266938,398,20260508
255175,513,20260508
359857,692,20260508
424577,474,20260508
436561,428,20260508
299172,502,20260508
8946,2304,20260508
58798,1344,20260508
65200,1234,20260508
19947,1413,20260508
8552,1059,20260508
113927,455,20260508
13005,868,20260508
275586,510,20260508
291155,257,20260508
431837,545,20260508
421208,515,20260508
69130,353,20260508
307170,473,20260508
352567,550,20260508
262498,381,20260508
453526,402,20260510
29805,608,20260508
229632,681,20260508
130390,471,20260508
231553,356,20260508
256729,1032,20260508
230191,1714,20260508
310067,516,20260508
1800,853,20260508
73313,711,20260508
20079,821,20260508
43578,1318,20260508
244946,488,20260508
274590,391,20260508
417599,418,20260508
392842,559,20260508
437261,335,20260508
385325,294,20260508
29285,326,20260508
21287,1376,20260508
234120,969,20260508
268188,511,20260508
541,398,20260508
233973,860,20260508
6539,923,20260508
3730,543,20260508
347117,693,20260508
300993,598,20260508
92643,1125,20260508
227893,859,20260508
255594,666,20260508
130006,433,20260508
172994,566,20260508
368028,384,20260508
441114,365,20260508
206206,695,20260508
279198,579,20260508
258413,880,20260508
356999,493,20260508
58099,538,20260508
25823,958,20260508
239175,389,20260508
207951,358,20260508
30932,1139,20260508
223952,466,20260508
430765,351,20260508
8207,1415,20260508
150783,1614,20260508
125943,520,20260508
96026,315,20260508
364008,583,20260508
410625,541,20260508
41239,574,20260508
367820,594,20260508
230852,776,20260508
393887,530,20260508
25900,360,20260508
282171,4511,20260508
127784,1607,20260508
103339,335,20260508
322282,715,20260508
332075,645,20260508
415513,713,20260508
13532,323,20260508
17970,1137,20260508
1338,607,20260508
337690,389,20260508
41636,1170,20260508
52328,419,20260508
119632,2073,20260508
274426,636,20260508
110524,1149,20260508
125050,746,20260508
232829,839,20260508
287638,571,20260508
244258,365,20260508
182770,413,20260508
13301,1592,20260508
56796,861,20260508
392,1200,20260508
280986,573,20260508
1452,729,20260508
282776,594,20260508
338479,613,20260508
12234,308,20260508
35669,418,20260508
80979,936,20260508
4985,482,20260508
14683,595,20260508
8817,685,20260508
1717,742,20260508
307997,456,20260508
29602,793,20260508
20295,537,20260508
339905,478,20260508
176262,584,20260508
29294,2135,20260508
315937,978,20260508
230089,833,20260508
87821,626,20260508
91189,666,20260508
137095,2039,20260508
156,641,20260508
181523,674,20260508
3577,414,20260508
28218,1163,20260508
246567,686,20260508
80642,551,20260508
252315,502,20260508
37728,1515,20260508
275996,508,20260508
226255,727,20260508
230059,1083,20260508
267333,369,20260508
34004,953,20260508
23995,384,20260508
191177,676,20260508
96704,710,20260508
429114,669,20260508
8668,1303,20260508
317983,685,20260508
46807,1814,20260508
280501,541,20260508
196305,479,20260508
351998,317,20260508
118410,2251,20260508
6817,409,20260508
171226,737,20260508
266460,396,20260508
177515,481,20260508
192673,973,20260508
437384,929,20260508
275840,739,20260508
285972,345,20260508
368557,311,20260508
65568,663,20260508
125924,896,20260508
419645,257,20260508
326485,559,20260508
123160,678,20260508
140457,936,20260508
375557,482,20260508
256442,600,20260508
286788,799,20260508
292894,495,20260508
256802,737,20260508
293267,686,20260508
160561,902,20260508
247,1145,20260508
113293,945,20260508
250467,343,20260508
286827,901,20260508
149361,421,20260508
3230,956,20260508
254994,817,20260508
6263,1600,20260508
251441,642,20260508
119337,807,20260508
3548,563,20260508
4214,353,20260508
372831,530,20260508
318359,443,20260508
178892,635,20260508
5770,1220,20260508
409581,484,20260508
3137,722,20260508
17394,368,20260508
341753,463,20260508
148291,793,20260508
155025,709,20260508
252997,763,20260508
47046,655,20260508
20782,819,20260508
159059,656,20260508
383452,556,20260508
275067,398,20260508
911,477,20260508
250754,484,20260508
192,1121,20260508
319320,505,20260508
63539,1017,20260508
141932,1537,20260508
233006,694,20260508
9675,1453,20260508
362917,338,20260508
293665,664,20260508
299372,580,20260508
317940,621,20260508
292026,347,20260508
318474,358,20260508
253756,1194,20260508
173275,1397,20260508
392192,425,20260508
206754,755,20260508
64826,777,20260508
309728,493,20260508
37696,1425,20260508
370598,459,20260508
72809,677,20260508
156175,383,20260508
92644,567,20260508
279727,423,20260508
27385,1478,20260508
174805,523,20260508
180241,745,20260508
10947,800,20260508
343684,521,20260508
4553,1121,20260508
249410,565,20260508
324657,305,20260508
162263,1104,20260508
383172,722,20260508
173504,258,20260508
370210,383,20260508
229956,953,20260508
132758,562,20260508
378889,372,20260508
312675,338,20260508
410628,331,20260508
217576,395,20260508
31506,1501,20260508
264806,1247,20260508
280811,465,20260508
227029,938,20260508
270233,659,20260508
337324,618,20260508
854,819,20260508
4047,500,20260508
337961,662,20260508
22950,986,20260508
145012,855,20260508
4154,1991,20260508
89415,1149,20260508
433205,389,20260508
236709,1420,20260508
387305,462,20260508
139326,793,20260508
130605,665,20260508
21464,1444,20260508
3661,597,20260508
261614,489,20260508
224894,706,20260508
447379,499,20260508
437383,390,20260508
202819,533,20260508
257056,660,20260508
3383,1070,20260508
424785,546,20260508
142267,991,20260508
40107,491,20260508
280726,532,20260508
4173,682,20260508
442615,472,20260508
257987,837,20260508
329228,490,20260508
359613,278,20260508
326538,401,20260508
207898,628,20260508
24843,686,20260508
181811,720,20260508
324759,500,20260508
1821,296,20260508
415938,657,20260508
217321,798,20260508
935,557,20260508
144388,1456,20260508
191989,336,20260508
2073,574,20260508
789,883,20260508
376478,396,20260508
2363,767,20260508
68,519,20260508
322623,535,20260508
178210,1432,20260508
376363,514,20260508
165876,694,20260508
248002,940,20260508
272666,642,20260508
351488,438,20260508
5445,410,20260508
756,487,20260508
1899,2763,20260508
410655,914,20260508
321,1191,20260508
177727,771,20260508
181254,923,20260508
139992,814,20260508
270445,550,20260508
129614,751,20260508
344341,444,20260508
62230,354,20260508
398032,438,20260508
42929,449,20260508
341489,272,20260508
154905,1182,20260508
10814,1067,20260508
1339,4529,20260508
147887,349,20260508
211454,730,20260508
306173,532,20260508
39832,785,20260508
35035,380,20260508
383701,412,20260508
338980,239,20260508
316343,350,20260508
323614,737,20260508
98347,696,20260508
146408,805,20260508
256713,604,20260508
370193,911,20260508
374926,379,20260508
154519,404,20260508
217934,343,20260508
369436,691,20260508
249670,704,20260508
154259,1305,20260508
2077,418,20260508
15826,360,20260508
283474,279,20260508
173115,733,20260508
394961,459,20260508
383789,456,20260508
66081,868,20260508
260410,752,20260508
161530,601,20260508
299569,459,20260508
257726,1193,20260508
39534,672,20260508
211734,458,20260508
332070,318,20260508
174476,1545,20260508
1212,801,20260508
250779,1024,20260508
45134,1943,20260508
123185,1395,20260508
373759,482,20260508
373701,440,20260508
17651,336,20260508
216974,797,20260508
38797,651,20260508
139433,296,20260508
269789,751,20260508
11096,404,20260508
232473,662,20260508
2536,860,20260508
374145,373,20260508
192185,833,20260508
171492,759,20260508
259038,466,20260508
31954,432,20260508
319348,454,20260508
152510,523,20260508
38984,1787,20260508
1883,359,20260508
1545,738,20260508
163931,784,20260508
192343,1659,20260508
400817,298,20260508
388838,374,20260508
385799,513,20260508
171110,463,20260508
275972,297,20260508
143484,625,20260508
439107,316,20260508
279307,535,20260508
322339,572,20260508
144325,1402,20260508
31920,2321,20260508
447583,523,20260508
213882,550,20260508
398684,501,20260508
294652,305,20260508
300523,549,20260508
292892,331,20260508
206175,1591,20260508
127312,965,20260508
395907,378,20260508
364,920,20260508
20101,484,20260508
4286,616,20260508
356873,367,20260508
357890,674,20260508
23953,747,20260508
354892,537,20260508
147747,600,20260508
342210,690,20260508
310,1531,20260508
3828,591,20260508
451594,433,20260508
5740,456,20260508
164506,611,20260508
41052,885,20260508
146149,1667,20260508
217475,887,20260508
257966,639,20260508
107704,443,20260508
2876,711,20260508
427087,323,20260508
355772,631,20260508
300323,309,20260508
65225,1015,20260508
339924,561,20260508
209530,630,20260508
67919,583,20260508
196306,427,20260508
262188,410,20260508
393910,331,20260508
173092,707,20260508
294986,327,20260508
249421,336,20260508
165,925,20260508
279135,1050,20260508
32382,761,20260508
134711,842,20260508
198832,483,20260508
13507,752,20260508
132326,501,20260508
28805,439,20260508
149869,1166,20260508
288385,582,20260508
229,1347,20260508
329563,347,20260508
15157,1397,20260508
194232,2525,20260508
338322,334,20260508
236301,606,20260508
14188,375,20260508
201509,881,20260508
195709,250,20260508
368854,456,20260508
816,435,20260508
420876,497,20260508
386271,503,20260508
31545,715,20260508
128698,696,20260508
66424,1533,20260508
334717,680,20260508
235902,644,20260508
242227,324,20260508
433283,376,20260508
428636,487,20260508
2470,398,20260508
374982,402,20260508
38318,956,20260508
161527,432,20260508
8166,1421,20260508
16497,1102,20260508
368899,402,20260508
411865,363,20260508
84464,465,20260508
316090,835,20260508
90009,557,20260508
184700,763,20260508
7062,680,20260508
137909,2481,20260508
279419,434,20260508
755,457,20260508
26055,586,20260508
385720,375,20260508
365698,618,20260508
24878,554,20260508
214296,256,20260508
303006,688,20260508
189350,646,20260508
366278,731,20260508
171964,522,20260508
164865,1008,20260508
144761,1441,20260508
397431,439,20260508
147194,1014,20260508
178147,815,20260508
6714,880,20260508
286690,382,20260508
233958,428,20260508
220700,1347,20260508
1705,1067,20260508
706,521,20260508
354672,386,20260508
4854,439,20260508
233974,664,20260508
235512,815,20260508
372571,318,20260508
387201,576,20260508
419293,280,20260508
3593,554,20260508
369084,441,20260508
361598,418,20260508
404041,1148,20260508
6663,557,20260508
380175,343,20260508
206156,1189,20260508
169649,1114,20260508
145975,304,20260508
255037,1227,20260508
281260,377,20260508
367525,1135,20260508
163976,842,20260508
165595,374,20260508
3463,524,20260508
406305,300,20260508
383983,368,20260508
249552,303,20260508
4258,351,20260508
345967,540,20260508
368974,370,20260508
181501,613,20260508
295574,288,20260508
341233,585,20260508
5651,496,20260508
218580,549,20260508
257145,268,20260508
282775,360,20260508
655,1720,20260508
194100,1337,20260508
253379,553,20260508
171672,1346,20260508
244141,518,20260508
10653,2888,20260508
369388,579,20260508
278685,393,20260508
374039,578,20260508
314243,374,20260508
3413,424,20260508
318450,368,20260508
103091,691,20260508
370444,509,20260508
11106,599,20260508
23890,739,20260508
34496,816,20260508
285895,480,20260508
4324,5072,20260508
143882,612,20260508
244274,599,20260508
352591,450,20260508
349051,294,20260508
410382,485,20260508
156840,447,20260508
65534,704,20260508
341876,530,20260508
262818,409,20260508
1002,501,20260508
203204,677,20260508
293309,475,20260508
169141,393,20260508
10934,2556,20260508
303676,564,20260508
299171,418,20260508
296578,265,20260508
2129,829,20260508
323784,395,20260508
217362,740,20260508
322984,254,20260508
181494,1170,20260508
323707,474,20260508
154510,471,20260508
38026,1735,20260508
283768,327,20260508
322039,419,20260508
252265,761,20260508
394144,567,20260508
307862,507,20260508
232079,1057,20260508
97803,927,20260508
172584,620,20260508
414174,447,20260508
350079,413,20260508
55601,975,20260508
219475,568,20260508
286439,342,20260508
237009,248,20260508
4210,335,20260508
157323,296,20260508
176334,1051,20260508
274128,663,20260508
2,618,20260508
42244,1126,20260508
172965,411,20260508
415092,542,20260508
3487,820,20260508
55834,700,20260508
153625,384,20260508
218948,398,20260508
440941,297,20260508
253743,601,20260508
345969,727,20260508
432250,349,20260508
240464,368,20260508
308970,254,20260508
232303,737,20260508
258295,435,20260508
69552,3079,20260508
158130,395,20260508
381790,610,20260508
392455,457,20260508
61458,459,20260508
123885,1544,20260508
5825,1214,20260508
434172,429,20260510
21985,608,20260508
130827,993,20260508
142889,301,20260508
548,862,20260508
440885,376,20260508
365119,396,20260508
1376,1212,20260508
231664,1545,20260508
4050,661,20260508
99312,783,20260508
147614,513,20260508
197178,921,20260508
221599,459,20260508
287780,633,20260508
282918,394,20260508
402206,404,20260508
963,1412,20260508
25727,332,20260508
254110,575,20260508
66120,600,20260508
412731,341,20260508
13230,1189,20260508
40276,647,20260508
275589,654,20260508
39328,281,20260508
291874,468,20260508
446249,329,20260508
1535,678,20260508
436205,326,20260508
396655,599,20260508
356133,456,20260508
317515,492,20260508
345122,437,20260508
31745,942,20260508
153480,420,20260508
9829,1608,20260508
327077,1235,20260508
12171,619,20260508
451214,364,20260508
222,1577,20260508
64956,590,20260508
193238,235,20260508
207208,696,20260508
25491,1240,20260508
347638,266,20260508
6542,370,20260508
301030,486,20260508
1681,386,20260508
153422,684,20260508
2079,627,20260508
209136,339,20260508
244994,689,20260508
302510,486,20260508
358812,504,20260508
381591,280,20260508
373055,392,20260508
81250,538,20260508
249582,321,20260508
33495,373,20260508
422796,371,20260508
274075,422,20260508
152053,1386,20260508
276779,635,20260508
1498,510,20260508
208428,376,20260508
436038,357,20260508
192240,949,20260508
412268,203,20260508
422345,370,20260508
256313,622,20260508
415524,478,20260508
219717,204,20260508
324639,274,20260508
404893,556,20260508
374024,333,20260508
163056,533,20260508
54735,1185,20260508
831,754,20260508
1992,950,20260508
138166,524,20260508
335446,264,20260508
4079,383,20260508
362723,377,20260508
13855,339,20260508
35935,694,20260508
230650,462,20260508
213953,961,20260508
271262,221,20260508
91773,627,20260508
296557,447,20260508
255653,405,20260508
144743,464,20260508
266188,367,20260508
180205,375,20260508
237023,437,20260508
63740,1115,20260508
9963,394,20260508
359502,1409,20260508
331363,322,20260508
231639,498,20260508
2150,494,20260508
308493,418,20260508
209696,417,20260508
379928,288,20260508
232974,322,20260508
177875,586,20260508
295490,702,20260508
141067,267,20260508
29355,1280,20260508
202732,1738,20260508
318098,349,20260508
190247,444,20260508
201455,640,20260508
1493,518,20260508
121073,2294,20260508
29256,534,20260508
362505,354,20260508
28396,1067,20260508
174802,316,20260508
42490,768,20260508
247935,367,20260508
265635,483,20260508
221230,541,20260508
387836,335,20260508
1583,264,20260508
42306,373,20260508
6778,593,20260508
322014,414,20260508
158815,265,20260508
240905,238,20260508
313841,446,20260508
208808,743,20260508
313093,544,20260508
1690,1878,20260508
61484,798,20260508
438940,416,20260508
7263,692,20260508
277410,612,20260508
129165,281,20260508
329714,780,20260508
27165,946,20260508
404845,437,20260508
242740,626,20260508
353546,491,20260508
26235,733,20260508
368037,549,20260508
230050,387,20260508
417696,378,20260508
359974,531,20260508
395875,290,20260508
408836,289,20260508
9617,449,20260508
117995,1069,20260508
686,527,20260508
66190,586,20260508
344,646,20260508
422898,262,20260508
230304,2177,20260508
415921,463,20260508
38821,872,20260508
188178,595,20260508
155702,552,20260508
62225,329,20260508
406312,271,20260508
25114,633,20260508
180591,748,20260508
402310,569,20260508
172844,336,20260508
177096,330,20260508
249750,225,20260508
386989,454,20260508
114438,590,20260508
175222,472,20260508
213370,1023,20260508
1720,486,20260508
97273,728,20260508
330116,319,20260508
27969,364,20260508
176361,1734,20260508
1206,791,20260508
159632,559,20260508
292033,469,20260508
419125,401,20260508
92666,580,20260508
4001,542,20260508
27680,339,20260508
266445,567,20260508
186302,992,20260508
401885,346,20260508
72644,460,20260508
204602,924,20260508
415108,358,20260508
303669,422,20260508
262274,375,20260508
197439,371,20260508
106999,834,20260508
3475,440,20260508
34375,837,20260508
224079,583,20260508
348872,325,20260508
621,661,20260508
398898,677,20260508
220988,1043,20260508
20750,1441,20260508
286156,784,20260508
366129,910,20260508
143981,444,20260508
325889,259,20260508
42328,365,20260508
269810,409,20260508
19358,410,20260508
203740,605,20260508
192858,292,20260508
434442,577,20260508
145642,550,20260508
120669,352,20260508
295221,309,20260508
337262,446,20260508
253372,436,20260508
322,690,20260508
3608,778,20260508
388570,395,20260508
368046,349,20260508
359315,267,20260508
391995,330,20260508
1506,677,20260508
286657,404,20260508
402814,312,20260508
101682,252,20260508
7935,220,20260508
181161,606,20260508
248,671,20260508
385643,264,20260508
11865,718,20260508
177877,387,20260508
330769,394,20260508
300,1384,20260508
256541,926,20260508
364942,407,20260508
276633,452,20260508
65936,251,20260508
368039,595,20260508
3190,1112,20260508
14035,918,20260508
22303,334,20260508
193483,973,20260508
302,519,20260508
360242,255,20260508
281132,665,20260508
222145,1105,20260508
64220,686,20260508
11231,1618,20260508
302413,431,20260508
341931,437,20260508
153999,2030,20260508
203719,478,20260508
413248,295,20260508
400617,243,20260508
23142,1988,20260508
128174,793,20260508
393000,326,20260508
351991,335,20260508
361240,448,20260508
433908,600,20260508
105187,722,20260508
416284,342,20260508
284982,421,20260508
1445,909,20260508
411202,500,20260508
241066,669,20260508
66126,429,20260508
13751,682,20260508
10174,303,20260508
191073,735,20260508
345887,385,20260508
1275,3354,20260508
158816,214,20260508
347146,498,20260508
22497,1102,20260508
122690,634,20260508
259537,493,20260508
412068,246,20260508
344992,495,20260508
1496,637,20260508
261424,362,20260508
63167,797,20260508
217547,1441,20260508
40603,372,20260508
358974,346,20260508
104627,404,20260508
413403,480,20260508
318353,272,20260508
398887,269,20260508
162107,923,20260508
344405,540,20260508
128733,454,20260508
343899,729,20260508
20734,333,20260508
17851,1035,20260508
6927,324,20260508
242149,530,20260508
269537,977,20260508
235454,240,20260508
233956,500,20260508
280896,814,20260508
5316,616,20260508
346205,799,20260508
205308,528,20260508
227002,463,20260508
322476,294,20260508
159406,1544,20260508
184866,314,20260508
97,1089,20260508
142239,609,20260508
194523,1447,20260508
441,735,20260508
66193,1145,20260508
267652,879,20260508
183959,646,20260508
256876,430,20260508
445552,315,20260508
33434,201,20260508
24,726,20260508
252297,347,20260508
403221,434,20260508
18746,266,20260508
362868,352,20260508
123228,645,20260508
170901,464,20260508
383529,518,20260508
88513,598,20260508
423561,287,20260508
229791,1064,20260508
204675,644,20260508
7092,325,20260508
7614,408,20260508
403150,337,20260508
10156,293,20260508
32002,337,20260508
24568,437,20260508
244794,716,20260508
191877,574,20260508
329002,605,20260508
19989,1376,20260508
159868,672,20260508
129820,668,20260508
421762,435,20260508
449853,262,20260508
213648,254,20260508
191438,561,20260508
248878,292,20260508
379552,296,20260508
346597,226,20260508
354335,432,20260508
301616,198,20260508
55863,489,20260508
247106,561,20260508
18243,882,20260508
271524,565,20260508
416086,390,20260508
4488,1689,20260508
413461,748,20260508
148083,487,20260508
17988,534,20260508
86156,569,20260508
360058,621,20260508
429851,483,20260508
4205,234,20260508
419192,296,20260508
39019,256,20260508
198087,280,20260508
332170,386,20260508
2281,8610,20260508
172062,759,20260508
3408,297,20260508
158753,426,20260508
912,434,20260508
292031,548,20260508
37198,3625,20260508
150016,509,20260508
396543,500,20260508
347161,218,20260508
438534,267,20260508
416266,817,20260508
137237,626,20260508
255902,261,20260508
142,703,20260508
145888,665,20260508
391561,434,20260508
338467,578,20260508
368,1111,20260508
1197,2400,20260508
17,837,20260508
402324,650,20260508
332230,273,20260508
3318,985,20260508
380041,302,20260508
432067,261,20260508
409031,357,20260508
17835,2315,20260508
414764,295,20260508
292907,546,20260508
847,1577,20260508
256478,634,20260508
218395,488,20260508
8993,336,20260508
226588,563,20260508
202,798,20260508
334307,1173,20260508
386860,353,20260508
4550,561,20260508
3208,1003,20260508
8130,705,20260508
132620,807,20260508
1350,737,20260508
431308,268,20260508
424507,360,20260508
320446,315,20260508
6481,785,20260508
71973,825,20260508
168215,2397,20260508
250821,317,20260508
205164,233,20260508
85204,279,20260508
63196,573,20260508
436178,242,20260508
253368,557,20260508
354669,368,20260508
225,610,20260508
7742,402,20260508
296483,388,20260508
362860,652,20260508
20865,670,20260508
351155,459,20260508
23685,326,20260508
194061,411,20260508
337389,905,20260508
438018,230,20260508
182352,367,20260508
170669,253,20260508
220558,672,20260508
1678,496,20260508
307656,536,20260508
814,1994,20260508
213549,534,20260508
3414,411,20260508
426994,256,20260508
206805,380,20260508
382894,314,20260508
447384,467,20260508
360676,339,20260508
269069,627,20260508
358588,389,20260508
242569,595,20260508
364393,373,20260508
131246,502,20260508
145014,832,20260508
1143,602,20260508
1982,789,20260508
443348,448,20260508
1412,826,20260508
152241,701,20260508
357841,424,20260508
193486,386,20260508
236475,385,20260508
448496,424,20260508
220738,611,20260508
165004,338,20260508
231554,670,20260508
218025,520,20260508
254976,515,20260508
356909,1165,20260508
7571,717,20260508
111502,589,20260508
147707,410,20260508
320855,227,20260508
180761,719,20260508
402373,566,20260508
56758,687,20260508
1577,640,20260508
2555,865,20260508
27532,1099,20260508
163929,411,20260508
166107,872,20260508
358858,401,20260508
261321,247,20260508
430726,291,20260508
108161,543,20260508
114903,1033,20260508
292363,436,20260508
34,591,20260508
266444,568,20260508
151151,732,20260508
30166,1490,20260508
219276,440,20260508
3218,760,20260508
207687,1004,20260508
36482,356,20260508
64897,325,20260508
196712,297,20260508
24947,526,20260508
2125,354,20260508
3895,408,20260508
3125,561,20260508
146922,234,20260508
331647,684,20260508
6203,285,20260508
2259,1099,20260508
378848,489,20260508
353311,336,20260508
3597,369,20260508
1576,594,20260508
371981,544,20260508
246535,423,20260508
201406,1333,20260508
286830,599,20260508
29903,1141,20260508
182,736,20260508
261525,401,20260508
11582,428,20260508
250481,361,20260508
218161,699,20260508
433339,370,20260508
91671,753,20260508
319264,243,20260508
260524,296,20260508
158991,746,20260508
248584,840,20260508
343847,288,20260508
386447,324,20260508
232041,374,20260508
273065,534,20260508
10167,1517,20260508
361212,598,20260508
395181,393,20260508
346773,313,20260508
258041,444,20260508
255456,284,20260508
295609,357,20260508
272541,737,20260508
436446,182,20260508
417426,239,20260508
76,791,20260508
7843,326,20260508
100734,786,20260508
252985,379,20260508
221669,383,20260508
293972,454,20260508
434425,238,20260508
199780,670,20260508
387538,438,20260508
8273,1026,20260508
424972,243,20260508
24770,1027,20260508
324344,327,20260508
417505,399,20260508
423170,308,20260508
369634,817,20260508
107148,335,20260508
1379,601,20260508
169341,554,20260508
3855,401,20260508
244212,702,20260508
149620,214,20260508
34227,601,20260508
38931,645,20260508
220774,1276,20260508
265752,236,20260508
267661,238,20260508
2640,539,20260508
403240,346,20260508
444648,281,20260508
189222,535,20260508
94483,879,20260508
146559,474,20260508
359945,300,20260508
129359,1066,20260508
220508,252,20260508
8521,285,20260508
259394,256,20260508
13354,343,20260508
335678,298,20260508
23950,455,20260508
275973,595,20260508
366397,402,20260508
344937,280,20260508
406619,260,20260508
5071,440,20260508
334646,572,20260508
446519,495,20260508
420385,588,20260508
341164,815,20260508
191579,374,20260508
402337,443,20260508
193265,533,20260508
49276,423,20260508
200551,654,20260508
353196,366,20260508
255990,444,20260508
334827,289,20260508
917,3592,20260508
57998,284,20260508
179350,504,20260508
265489,353,20260508
186904,476,20260508
12194,3197,20260508
184287,874,20260508
403123,418,20260508
286081,568,20260508
307832,588,20260508
21373,267,20260508
17923,444,20260508
357203,597,20260508
383190,284,20260508
870,553,20260508
417518,392,20260508
6930,242,20260508
357071,395,20260508
256317,349,20260508
400266,638,20260508
221368,326,20260508
207568,242,20260508
213497,218,20260508
379706,322,20260508
222862,613,20260508
165186,521,20260508
23981,568,20260508
3573,548,20260508
173649,520,20260508
311610,452,20260508
11733,703,20260508
4562,630,20260508
159143,755,20260508
89,475,20260508
374593,430,20260508
101013,646,20260508
7118,364,20260508
282006,755,20260508
417155,615,20260508
326624,249,20260508
22359,266,20260508
145219,530,20260508
319592,589,20260508
221366,737,20260508
5571,372,20260508
158886,244,20260508
447002,328,20260508
128921,644,20260508
25738,970,20260508
65825,322,20260508
135877,409,20260508
432456,400,20260510
163937,712,20260508
3061,358,20260508
339300,219,20260508
182260,434,20260508
163641,772,20260508
153004,520,20260508
352482,254,20260508
368517,447,20260508
217609,273,20260508
36314,206,20260508
281657,180,20260508
436,836,20260508
386906,251,20260508
102,946,20260508
25294,448,20260508
8920,975,20260508
330664,315,20260508
1669,517,20260508
104377,799,20260508
161297,435,20260508
383758,475,20260508
336552,407,20260508
35369,1025,20260508
352485,443,20260508
1413,527,20260508
197790,382,20260508
159575,506,20260508
5297,442,20260508
447707,324,20260508
13084,422,20260508
63758,285,20260508
386136,273,20260508
6923,436,20260508
10431,293,20260508
446703,273,20260508
171356,394,20260508
132019,273,20260508
440136,242,20260508
151446,497,20260508
72420,951,20260508
283748,402,20260508
235017,355,20260508
172507,692,20260508
319114,322,20260508
20078,283,20260508
146130,2052,20260508
433007,345,20260508
62972,236,20260508
235465,791,20260508
144574,184,20260508
8515,341,20260508
274861,681,20260508
36887,412,20260508
35400,326,20260508
174219,302,20260508
274471,361,20260508
117838,953,20260508
409005,279,20260508
415120,192,20260508
233194,357,20260508
132148,258,20260508
452264,375,20260508
229006,543,20260508
260147,411,20260508
272085,611,20260508
197760,480,20260508
203270,412,20260508
404170,213,20260508
385437,327,20260508
205185,554,20260508
286735,1527,20260508
55705,774,20260508
41474,340,20260508
363278,304,20260508
240014,390,20260508
213149,396,20260508
153709,694,20260508
102610,458,20260508
39932,263,20260508
132497,1036,20260508
247785,417,20260508
282255,334,20260508
368413,339,20260508
367625,218,20260508
449353,222,20260508
257001,697,20260508
365983,436,20260508
353848,352,20260508
3518,703,20260508
11269,281,20260508
209511,180,20260508
331635,478,20260508
155460,425,20260508
269456,243,20260508
443186,270,20260508
406329,339,20260508
246873,218,20260508
1708,638,20260508
13530,820,20260508
111081,379,20260508
402817,318,20260508
11081,661,20260508
3119,443,20260508
149896,590,20260508
401543,364,20260508
191543,778,20260508
257063,394,20260508
220155,382,20260508
380677,257,20260508
308755,259,20260508
260234,165,20260508
150761,241,20260508
90041,1052,20260508
10183,278,20260508
181236,571,20260508
347311,426,20260508
386425,321,20260508
316632,502,20260508
360706,355,20260508
195242,389,20260508
57073,317,20260508
260645,319,20260508
193651,783,20260508
7290,270,20260508
318328,396,20260508
252402,523,20260508
396335,278,20260508
272538,205,20260508
92363,225,20260508
238889,284,20260508
4921,311,20260508
210271,269,20260508
696,826,20260508
228580,512,20260508
359205,227,20260508
118023,594,20260508
5833,323,20260508
392193,449,20260508
4958,360,20260508
39088,694,20260508
371431,295,20260508
370325,268,20260508
223742,891,20260508
42142,281,20260508
393456,336,20260508
17857,277,20260508
280575,316,20260508
28044,534,20260508
217353,330,20260508
287952,849,20260508
128412,466,20260508
46782,858,20260508
222643,876,20260508
12283,598,20260508
390094,601,20260508
139508,499,20260508
332402,175,20260508
155827,580,20260508
1927,53271,20260508
13709,331,20260508
245431,1406,20260508
864,1008,20260508
17997,470,20260508
256883,843,20260508
453893,432,20260508
342075,302,20260508
217020,585,20260508
347757,364,20260508
21930,696,20260508
282527,228,20260508
240744,626,20260508
254239,212,20260508
335271,432,20260508
13337,625,20260508
265249,444,20260508
416232,320,20260508
43264,800,20260508
342016,718,20260508
4920,340,20260508
220628,516,20260508
244505,578,20260508
373621,271,20260508
172309,446,20260508
136558,445,20260508
1631,598,20260508
748,600,20260508
169275,382,20260508
244820,414,20260508
192351,935,20260508
399115,277,20260508
230273,313,20260508
423689,310,20260508
143994,494,20260508
126239,875,20260508
259,565,20260508
284291,674,20260508
34010,844,20260508
262939,351,20260508
41762,704,20260508
278402,327,20260508
195237,659,20260508
387015,296,20260508
169215,583,20260508
124590,616,20260508
287732,354,20260508
325020,233,20260508
360332,254,20260508
425765,215,20260508
55165,526,20260508
69234,251,20260508
165748,218,20260508
231618,523,20260508
433386,336,20260508
99630,277,20260508
437214,265,20260508
6137,533,20260508
256297,346,20260508
234900,387,20260508
284825,445,20260508
147716,357,20260508
165877,564,20260508
31808,1709,20260508
240957,653,20260508
182626,489,20260508
277672,303,20260508
181176,376,20260508
28302,529,20260508
140795,719,20260508
208974,216,20260508
194553,763,20260508
86177,318,20260508
85000,285,20260508
342674,254,20260508
158392,1511,20260508
42111,876,20260508
330973,289,20260508
136192,620,20260508
386436,410,20260508
342019,580,20260508
205079,630,20260508
425235,348,20260508
432487,336,20260508
10642,209,20260508
297204,472,20260508
83629,2063,20260508
30328,597,20260508
224271,851,20260508
94396,270,20260508
21779,220,20260508
333280,400,20260508
25685,1239,20260508
434870,377,20260508
274405,387,20260508
253607,191,20260508
3083,577,20260508
4493,615,20260508
245214,890,20260508
271264,463,20260508
351038,705,20260508
339532,367,20260508
363086,250,20260508
6353,331,20260508
237792,293,20260508
243993,443,20260508
385833,333,20260508
449957,248,20260508
6738,1105,20260508
266266,336,20260508
155496,241,20260508
230265,330,20260508
452211,290,20260508
85108,406,20260508
418826,312,20260508
429608,213,20260508
245994,297,20260508
342021,433,20260508
4974,330,20260508
4475,862,20260508
340899,587,20260508
304333,306,20260508
234776,393,20260508
134150,543,20260508
4984,539,20260508
220203,591,20260508
283871,383,20260508
415181,241,20260508
414351,342,20260508
222821,352,20260508
342277,221,20260508
396749,334,20260508
217894,724,20260508
235944,605,20260508
198110,501,20260508
387849,182,20260508
447776,341,20260508
232980,576,20260508
252657,276,20260508
113,397,20260508
267568,884,20260508
59429,1023,20260508
172969,339,20260508
325382,428,20260508
165628,558,20260508
160409,653,20260508
379363,236,20260508
240465,1286,20260508
294112,215,20260508
213661,552,20260508
171261,561,20260508
301480,211,20260508
332393,382,20260508
299179,217,20260508
147241,391,20260508
183420,536,20260508
26447,369,20260508
347505,346,20260508
356907,530,20260508
6209,714,20260508
5767,1051,20260508
319604,254,20260508
295147,496,20260508
298701,639,20260508
227110,392,20260508
142063,329,20260508
339302,446,20260508
62853,1058,20260508
437290,175,20260508
313129,351,20260508
194,855,20260508
364541,410,20260508
3495,1138,20260508
27658,429,20260508
204599,682,20260508
1644,545,20260508
240529,532,20260508
198414,327,20260508
2800,295,20260508
329204,279,20260508
429130,189,20260508
400752,495,20260508
1315,1388,20260508
322985,182,20260508
366488,417,20260508
10989,396,20260508
275463,498,20260508
286667,534,20260508
129976,1007,20260508
182074,688,20260508
216865,319,20260508
232045,1026,20260508
163172,212,20260508
3534,317,20260508
331408,374,20260508
2968,598,20260508
39232,329,20260508
403000,597,20260508
406591,242,20260508
4424,1007,20260508
161943,547,20260508
160744,446,20260508
5680,314,20260508
217466,444,20260508
292490,241,20260508
252776,368,20260508
291334,299,20260508
10527,508,20260508
144566,327,20260508
2579,292,20260508
22420,321,20260508
175254,526,20260508
58624,228,20260508
126,912,20260508
280304,419,20260508
162351,382,20260508
88594,1188,20260508
192401,572,20260508
220784,764,20260508
37461,591,20260508
539,903,20260508
233502,266,20260508
274363,413,20260508
8138,389,20260508
157088,470,20260508
242343,677,20260508
13089,379,20260508
363481,634,20260508
191387,281,20260508
319899,368,20260508
5452,208,20260508
446492,442,20260508
12897,232,20260508
439310,454,20260508
192619,429,20260508
225214,462,20260508
347601,225,20260508
203405,545,20260508
174402,221,20260508
298154,246,20260508
328687,257,20260508
195454,471,20260508
287783,200,20260508
172613,541,20260508
1602,970,20260508
291828,254,20260508
373544,317,20260508
164158,713,20260508
101929,259,20260508
1783,584,20260508
311822,235,20260508
19419,1304,20260508
149910,287,20260508
419291,223,20260508
315943,296,20260508
342209,529,20260508
203321,241,20260508
123536,379,20260508
218126,408,20260508
343990,321,20260508
352201,341,20260508
262994,335,20260508
316857,507,20260508
135796,239,20260508
202942,205,20260508
266564,411,20260508
286171,339,20260508
137900,452,20260508
322283,201,20260508
361923,227,20260508
67917,402,20260508
126750,736,20260508
361918,178,20260508
299838,331,20260508
189294,730,20260508
163097,198,20260508
294235,498,20260508
114912,544,20260508
421547,272,20260508
359892,408,20260508
15878,2344,20260508
534,662,20260508
162865,291,20260508
216710,226,20260508
282007,517,20260508
228412,339,20260508
157653,297,20260508
85424,185,20260508
457587,140,20260508
213670,436,20260508
269418,394,20260508
1894,319,20260508
146228,380,20260508
226445,350,20260508
9735,639,20260508
147451,493,20260508
347157,404,20260508
76203,447,20260508
358515,314,20260508
35289,629,20260508
248075,557,20260508
279900,416,20260508
239826,555,20260508
23053,799,20260508
114667,667,20260508
84869,612,20260508
235342,281,20260508
1549,1060,20260508
437938,203,20260508
165292,265,20260508
160432,417,20260508
372967,284,20260508
428322,268,20260508
267590,399,20260508
41833,1966,20260508
144526,512,20260508
227995,204,20260508
346742,505,20260508
191982,1273,20260508
145654,380,20260508
29875,228,20260508
136356,721,20260508
26946,317,20260508
158534,770,20260508
67593,861,20260508
97875,507,20260508
57,447,20260508
66982,606,20260508
282707,330,20260508
93541,573,20260508
108344,643,20260508
373284,633,20260508
430875,268,20260508
326175,219,20260508
271528,754,20260508
368956,404,20260508
114261,229,20260508
184170,316,20260508
293547,406,20260508
259830,656,20260508
256964,279,20260508
17162,570,20260508
110102,391,20260508
38735,638,20260508
168770,726,20260508
285232,451,20260508
209166,508,20260508
284195,398,20260508
200834,573,20260508
460,413,20260508
323046,154,20260508
453584,501,20260508
99437,998,20260508
401217,511,20260508
246530,421,20260508
359455,211,20260508
298086,311,20260508
256438,583,20260508
164159,760,20260508
394960,173,20260508
67178,463,20260508
383458,403,20260508
3321,976,20260508
354866,372,20260508
6191,437,20260508
349131,784,20260508
7086,290,20260508
387776,299,20260508
110331,572,20260508
207338,768,20260508
264,712,20260508
144567,286,20260508
161926,646,20260508
283641,357,20260508
4753,858,20260508
225610,192,20260508
118385,404,20260508
329432,233,20260508
872,636,20260508
366800,292,20260508
344408,524,20260508
28907,372,20260508
418316,241,20260508
3040,452,20260508
895,340,20260508
125048,821,20260508
313269,370,20260508
240843,617,20260508
23010,735,20260508
275530,347,20260508
329862,651,20260508
147768,1611,20260508
1070,1368,20260508
257321,730,20260508
95613,721,20260508
129615,516,20260508
315138,362,20260508
33924,257,20260508
22864,1273,20260508
341779,382,20260508
363614,540,20260508
5369,278,20260508
21358,189,20260508
338164,235,20260508
421530,340,20260508
367432,130,20260508
82,390,20260508
4401,588,20260508
311465,278,20260508
276499,423,20260508
361211,472,20260508
318388,271,20260508
146,932,20260508
230361,366,20260508
279,828,20260508
9139,865,20260508
346951,425,20260508
42997,256,20260508
437273,362,20260508
148531,573,20260508
384136,269,20260508
432858,298,20260508
295072,242,20260508
295931,182,20260508
368109,465,20260508
23919,315,20260508
338067,1067,20260508
192830,558,20260508
338353,402,20260508
426229,247,20260508
288775,1153,20260508
1799,432,20260508
259345,352,20260508
10206,1366,20260508
198985,328,20260508
119881,328,20260508
379699,328,20260508
3095,330,20260508
10226,217,20260508
83325,205,20260508
38391,978,20260508
336851,406,20260508
115288,372,20260508
209664,533,20260508
10496,1233,20260508
146548,878,20260508
416780,314,20260508
941,1141,20260508
406977,288,20260508
434356,309,20260508
766,621,20260508
39941,286,20260508
449974,370,20260508
382828,320,20260508
1942,432,20260508
283289,512,20260508
380681,245,20260508
639,351,20260508
117854,440,20260508
365727,343,20260508
173018,1025,20260508
347889,251,20260508
24416,608,20260508
224141,168,20260508
28284,207,20260508
370130,761,20260508
206859,374,20260508
37296,708,20260508
328859,455,20260508
180543,233,20260508
120269,184,20260508
316085,310,20260508
302876,356,20260508
28452,250,20260508
212580,278,20260508
320879,292,20260508
224149,232,20260508
10641,205,20260508
394691,255,20260508
137651,444,20260508
363503,524,20260508
57759,406,20260508
102144,261,20260508
164874,336,20260508
3613,412,20260508
148767,579,20260508
367206,405,20260508
403258,462,20260508
432705,250,20260508
9021,888,20260508
322076,226,20260508
83197,655,20260508
5455,639,20260508
1421,461,20260508
147021,606,20260508
147305,671,20260508
296986,358,20260508
337853,262,20260508
244171,348,20260508
111173,859,20260508
348870,322,20260508
331652,532,20260508
68260,282,20260508
216640,358,20260508
174298,183,20260508
38877,198,20260508
1536,1719,20260508
283137,621,20260508
132817,551,20260508
204470,294,20260508
279497,456,20260508
35423,212,20260508
424980,338,20260508
393,433,20260508
2379,1912,20260508
121423,1493,20260508
22161,200,20260508
163027,567,20260508
4318,565,20260508
5511,256,20260508
11274,257,20260508
429423,385,20260508
414349,415,20260508
142262,785,20260508
192334,907,20260508
277131,338,20260508
292900,276,20260508
182619,516,20260508
232134,249,20260508
204879,462,20260508
332606,198,20260508
197333,208,20260508
126613,408,20260508
438417,443,20260508
283634,308,20260508
126912,630,20260508
164237,469,20260508
279886,187,20260508
1693,506,20260508
166776,268,20260508
361875,352,20260508
369341,236,20260508
130592,3856,20260508
230590,377,20260508
329534,227,20260508
151835,549,20260508
2154,272,20260508
356996,470,20260508
40432,922,20260508
923,837,20260508
151,457,20260508
251726,405,20260508
13286,1123,20260508
192735,1105,20260508
4453,329,20260508
36325,321,20260508
450619,180,20260508
369154,400,20260508
165477,631,20260508
130295,347,20260508
428638,386,20260508
43320,609,20260508
436046,292,20260508
210052,726,20260508
297531,312,20260508
42444,715,20260508
264321,430,20260508
391549,263,20260508
273657,294,20260508
209951,183,20260508
286145,358,20260508
3093,534,20260508
40761,719,20260508
265684,512,20260508
218933,266,20260508
38553,609,20260508
154600,875,20260508
408828,199,20260508
308305,212,20260508
150005,197,20260508
405994,229,20260508
411543,711,20260508
950,441,20260508
274432,379,20260508
4008,376,20260508
63027,302,20260508
122913,262,20260508
349179,248,20260508
206715,303,20260508
339753,234,20260508
204886,834,20260508
25314,392,20260508
257077,283,20260508
410238,207,20260508
190333,314,20260508
68603,295,20260508
381827,385,20260508
347304,233,20260508
299544,446,20260508
13071,756,20260508
178209,684,20260508
224678,208,20260508
439685,195,20260508
256838,533,20260508
319107,426,20260508
427886,284,20260508
20195,733,20260508
190572,333,20260508
711,314,20260508
339473,291,20260508
397685,194,20260508
374858,254,20260508
344759,308,20260508
175334,361,20260508
259857,442,20260508
158544,350,20260508
282493,315,20260508
315196,977,20260508
220975,175,20260508
449893,249,20260508
174518,279,20260508
248763,449,20260508
149097,336,20260508
220598,362,20260508
273655,182,20260508
16000,219,20260508
275032,377,20260508
182116,1142,20260508
28185,564,20260508
233976,608,20260508
221369,265,20260508
358000,334,20260508
248375,174,20260508
270,658,20260508
359237,262,20260508
447254,287,20260508
150013,245,20260508
191986,437,20260508
273436,260,20260508
332233,245,20260508
66613,487,20260508
16320,666,20260508
417629,314,20260508
426,429,20260508
233015,478,20260508
8126,620,20260508
2678,374,20260508
4522,514,20260508
252212,462,20260508
448188,183,20260508
6657,860,20260508
355737,389,20260508
279911,265,20260508
246960,471,20260508
224125,470,20260508
937,312,20260508
114991,602,20260508
324320,317,20260508
21022,366,20260508
177702,799,20260508
207242,513,20260508
7103,312,20260508
145186,560,20260508
1152,531,20260508
92852,388,20260508
288828,351,20260508
360956,240,20260508
5677,257,20260508
1233,903,20260508
9606,632,20260508
170969,460,20260508
337070,309,20260508
1448,539,20260508
290610,520,20260508
235362,199,20260508
1149,787,20260508
438481,491,20260508
141653,400,20260508
315975,208,20260508
228390,533,20260508
280203,521,20260508
457436,339,20260508
1674,831,20260508
158100,543,20260508
223602,540,20260508
246742,259,20260508
129945,360,20260508
105023,318,20260508
394094,215,20260508
256159,313,20260508
334100,262,20260508
697,653,20260508
433074,315,20260508
319421,246,20260508
337255,280,20260508
355876,265,20260508
3864,763,20260508
437334,440,20260508
386216,321,20260508
210908,410,20260508
342081,219,20260508
437781,586,20260508
172896,342,20260508
69278,237,20260508
180942,230,20260508
214204,406,20260508
347218,266,20260508
4356,762,20260508
62814,230,20260508
347347,256,20260508
210342,378,20260508
3044,558,20260508
307450,1086,20260508
34166,839,20260508
217531,429,20260508
234578,256,20260508
19803,463,20260508
244333,419,20260508
291511,447,20260508
193551,452,20260508
175755,1033,20260508
221848,243,20260508
425602,298,20260508
206844,823,20260508
317411,316,20260508
330517,379,20260508
194723,344,20260508
228553,386,20260508
146158,486,20260508
361905,462,20260508
351600,170,20260508
383481,261,20260508
2447,294,20260508
59149,1068,20260508
231223,836,20260508
146035,316,20260508
279975,222,20260508
294275,302,20260508
2396,309,20260508
3852,1128,20260508
262388,560,20260508
79067,396,20260508
404231,180,20260508
378654,159,20260508
419421,514,20260508
33767,296,20260508
216234,574,20260508
297674,431,20260508
169475,331,20260508
252432,207,20260508
419378,300,20260508
3416,203,20260508
19056,230,20260508
448428,248,20260508
69851,215,20260508
330,468,20260508
261165,394,20260508
341284,359,20260508
391045,502,20260508
355881,770,20260508
2076,447,20260508
5217,235,20260508
66781,329,20260508
364679,499,20260508
339598,417,20260508
351113,180,20260508
96260,1410,20260508
127561,298,20260508
218179,666,20260508
230358,570,20260508
212551,349,20260508
197786,228,20260508
429816,257,20260508
250781,436,20260508
54643,612,20260508
357475,347,20260508
181122,326,20260508
362700,704,20260508
152567,428,20260508
4610,1481,20260508
109548,337,20260508
247313,379,20260508
300127,221,20260508
219621,492,20260508
306676,404,20260508
185021,372,20260508
216179,290,20260508
15261,470,20260508
16804,301,20260508
341286,463,20260508
310031,507,20260508
203759,445,20260508
22677,356,20260508
21947,229,20260508
165694,124,20260508
232318,440,20260508
255516,220,20260508
38986,209,20260508
178688,533,20260508
265260,491,20260508
25775,187,20260508
258389,594,20260508
390314,163,20260508
175495,984,20260508
254189,325,20260508
226009,282,20260508
207230,178,20260508
246531,392,20260508
401175,195,20260508
331804,240,20260508
37672,311,20260508
361469,211,20260508
275849,180,20260508
4255,293,20260508
72132,545,20260508
285554,507,20260508
7483,391,20260508
444683,209,20260508
408727,455,20260508
366997,435,20260508
185374,560,20260508
12355,194,20260508
177499,528,20260508
3586,662,20260508
121764,463,20260508
187679,237,20260508
28739,443,20260508
421232,346,20260508
350992,312,20260508
15045,1794,20260508
191296,205,20260508
306745,409,20260508
210152,267,20260508
245389,289,20260508
342479,574,20260508
250,408,20260508
34659,257,20260508
299946,418,20260508
160567,665,20260508
284306,543,20260508
103184,585,20260508
414595,220,20260508
66125,412,20260508
222531,256,20260508
354923,312,20260508
189192,404,20260508
193693,375,20260508
299266,307,20260508
430611,228,20260508
440024,225,20260508
426355,300,20260508
147299,780,20260508
155065,291,20260508
10789,359,20260508
10501,201,20260508
12830,722,20260508
123045,575,20260508
280812,324,20260508
89668,473,20260508
324246,523,20260508
93287,303,20260508
406231,265,20260508
194062,447,20260508
413533,217,20260508
249505,1055,20260508
32901,520,20260508
27266,219,20260508
4014,363,20260508
342046,217,20260508
248188,219,20260508
266177,629,20260508
3711,694,20260508
112192,406,20260508
104,272,20260508
4637,517,20260508
286109,367,20260508
317526,337,20260508
250488,220,20260508
360931,201,20260508
176606,1220,20260508
312059,177,20260508
1668,462,20260508
415838,230,20260508
203655,428,20260508
314393,229,20260508
13456,647,20260508
335664,239,20260508
199047,334,20260508
8719,241,20260508
343665,254,20260508
321756,355,20260508
172008,356,20260508
194196,822,20260508
308329,336,20260508
980,1288,20260508
2780,230,20260508
13597,473,20260508
162041,569,20260508
170225,283,20260508
161965,567,20260508
310885,254,20260508
399277,251,20260508
1278,266,20260508
232139,213,20260508
27101,206,20260508
187289,773,20260508
159355,392,20260508
177490,626,20260508
188018,506,20260508
327371,518,20260508
174400,147,20260508
316410,164,20260508
438287,130,20260508
340928,193,20260508
340722,208,20260508
301242,741,20260508
260201,472,20260508
260218,281,20260508
109451,1118,20260508
369007,260,20260508
193213,520,20260508
277662,430,20260508
261624,182,20260508
13172,1003,20260508
231450,261,20260508
13266,224,20260508
228399,206,20260508
2872,553,20260508
177697,399,20260508
421529,165,20260508
13511,998,20260508
294609,151,20260508
67823,516,20260508
181440,614,20260508
326767,135,20260508
268159,201,20260508
404983,332,20260508
88406,251,20260508
125996,353,20260508
241334,435,20260508
5357,253,20260508
342071,380,20260508
252576,244,20260508
48979,1819,20260508
316,331,20260508
3412,230,20260508
109764,920,20260508
172560,544,20260508
402125,510,20260508
373190,461,20260508
154479,918,20260508
719,447,20260508
11182,618,20260508
97155,192,20260508
268252,284,20260508
232417,491,20260508
5985,255,20260507
85652,237,20260508
282008,490,20260508
82955,475,20260508
5233,258,20260508
54433,698,20260508
443982,410,20260508
378475,201,20260508
391165,266,20260508
263360,396,20260508
356039,401,20260508
33732,739,20260508
5508,177,20260508
202490,653,20260508
232924,218,20260508
300428,252,20260508
6202,277,20260508
324150,264,20260508
319754,276,20260508
160419,470,20260508
292029,293,20260508
5393,712,20260508
363841,198,20260508
147999,306,20260508
257706,270,20260508
82402,633,20260508
67453,631,20260508
317365,292,20260508
450112,374,20260508
175961,782,20260508
289467,220,20260508
718,605,20260508
118776,551,20260508
436511,238,20260510
27968,224,20260508
315954,387,20260508
41090,223,20260508
161782,264,20260508
72478,424,20260508
390606,302,20260508
212487,262,20260508
327793,215,20260508
668,378,20260508
399374,183,20260508
242325,393,20260508
884,700,20260508
30641,468,20260508
103651,508,20260508
411872,398,20260508
220609,166,20260508
217423,312,20260508
248928,179,20260508
193715,301,20260508
175088,360,20260508
226146,535,20260508
416281,195,20260508
322124,301,20260508
429860,539,20260508
163377,565,20260508
193083,447,20260508
367584,173,20260508
417106,255,20260508
195226,205,20260508
328624,415,20260508
166202,546,20260508
178007,478,20260508
415507,282,20260508
254017,278,20260508
88016,652,20260508
73365,907,20260508
443297,320,20260508
260786,304,20260508
314971,324,20260508
351292,314,20260508
386273,389,20260508
171278,168,20260508
330665,375,20260508
367361,251,20260508
145599,388,20260508
184919,607,20260508
291434,130,20260508
245222,565,20260508
2580,228,20260508
234452,290,20260508
358558,255,20260508
265754,143,20260508
43,387,20260508
382578,254,20260508
325038,226,20260508
420091,344,20260508
301002,297,20260508
90568,214,20260508
314170,198,20260508
235982,374,20260508
150298,472,20260508
159141,521,20260508
161761,640,20260508
113931,208,20260508
332853,314,20260508
321757,256,20260508
1711,952,20260508
367201,279,20260508
4862,2091,20260508
26983,330,20260508
292899,210,20260508
33759,295,20260508
356944,178,20260508
68188,351,20260508
258466,486,20260508
7514,461,20260508
427509,152,20260508
11634,3108,20260508
427278,409,20260508
31897,327,20260508
2114,636,20260508
298619,523,20260508
427202,220,20260508
72800,330,20260508
15999,185,20260508
320858,149,20260508
12071,182,20260508
361195,180,20260508
1796,247,20260508
254936,264,20260508
34169,1007,20260508
308368,217,20260508
54507,570,20260508
1309,682,20260508
2316,546,20260508
428284,182,20260508
71593,541,20260508
177014,189,20260508
267377,184,20260508
199881,226,20260508
414648,268,20260508
148231,355,20260508
313000,364,20260508
303159,543,20260508
21414,203,20260508
235451,557,20260508
228183,374,20260508
2638,308,20260508
2063,391,20260508
191998,250,20260508
162315,306,20260508
31697,348,20260508
87907,199,20260508
356230,330,20260508
363,900,20260508
429186,240,20260508
36597,185,20260508
448116,214,20260508
371356,298,20260508
320859,143,20260508
2891,313,20260508
16162,425,20260508
340040,488,20260508
427084,548,20260508
1203,676,20260508
331953,154,20260508
161681,400,20260508
30878,303,20260508
210292,155,20260508
146579,485,20260508
283542,350,20260508
37589,1182,20260508
206,478,20260508
12608,195,20260508
19187,543,20260508
4,367,20260508
172073,553,20260508
8059,902,20260508
341963,341,20260508
329121,162,20260508
173486,318,20260508
352,630,20260508
254681,289,20260508
422375,173,20260508
236931,223,20260508
263177,123,20260508
161108,292,20260508
261262,463,20260508
322696,279,20260508
312748,238,20260508
409553,258,20260508
1475,2608,20260508
7251,218,20260508
90,619,20260508
257160,363,20260508
337973,159,20260508
144492,772,20260508
241068,159,20260508
419997,334,20260508
339349,196,20260508
362587,248,20260508
8887,208,20260508
41658,690,20260508
4086,267,20260508
299268,241,20260508
234468,464,20260508
255034,420,20260508
18794,236,20260508
309081,155,20260508
405460,186,20260508
313008,671,20260508
131568,808,20260508
401501,255,20260508
369509,151,20260508
426767,165,20260508
9342,979,20260508
154892,733,20260508
276760,414,20260508
11104,762,20260508
160606,204,20260508
4454,425,20260508
282033,149,20260508
2168,593,20260508
110870,552,20260508
270851,169,20260508
188325,195,20260508
43530,971,20260508
181325,364,20260508
265202,432,20260508
292489,307,20260508
95386,1119,20260508
341008,222,20260508
116046,170,20260508
308416,572,20260508
169697,263,20260508
178655,203,20260508
217553,579,20260508
172207,439,20260508
160044,306,20260508
324278,268,20260508
225759,190,20260508
366,462,20260508
389135,168,20260508
33150,1053,20260508
295402,228,20260508
16443,598,20260508
226089,308,20260508
430856,223,20260508
232822,448,20260508
19969,255,20260508
5869,617,20260508
228570,450,20260508
346248,147,20260508
361279,512,20260508
147370,1348,20260508
176817,389,20260508
288539,141,20260508
263223,161,20260508
210663,421,20260508
214758,203,20260508
266592,267,20260508
27117,676,20260508
401168,193,20260508
2583,254,20260508
1582,188,20260508
386018,304,20260508
406320,286,20260508
164031,501,20260508
12898,197,20260508
4102,369,20260508
321044,163,20260508
133437,1255,20260508
170300,427,20260508
164655,190,20260508
365670,181,20260508
12131,264,20260508
286363,222,20260508
294294,334,20260508
57141,151,20260508
287507,319,20260508
436751,205,20260508
59936,333,20260508
32990,176,20260508
157779,230,20260508
275557,284,20260508
288010,298,20260508
5243,214,20260508
220778,639,20260508
28738,431,20260508
283924,353,20260508
8069,726,20260508
29351,544,20260508
41612,293,20260508
219430,543,20260508
48,746,20260508
2224,319,20260508
130705,237,20260508
33088,1149,20260508
194078,163,20260508
88253,211,20260508
2371,432,20260508
236484,380,20260508
256422,193,20260508
332943,277,20260508
396375,353,20260508
223726,371,20260508
292099,212,20260508
396091,245,20260508
278304,197,20260508
210,607,20260508
392611,589,20260508
2667,266,20260508
42560,273,20260508
366577,199,20260508
103061,284,20260508
174611,565,20260508
35634,509,20260508
202296,300,20260508
27298,651,20260508
379,676,20260508
160784,671,20260508
129974,220,20260508
282227,280,20260508
243994,467,20260508
437370,235,20260508
414855,382,20260508
260568,186,20260508
427,1222,20260508
16373,660,20260508
354031,247,20260508
313002,203,20260508
251481,491,20260508
404462,118,20260508
383175,249,20260508
255639,521,20260508
364488,266,20260508
224374,144,20260508
38430,392,20260508
329128,249,20260508
296985,300,20260508
352923,260,20260508
311920,173,20260508
309913,230,20260508
38429,240,20260508
400495,203,20260508
404349,182,20260508
18932,739,20260508
259393,231,20260508
434848,224,20260508
183797,781,20260508
55763,408,20260508
283718,861,20260508
320992,287,20260508
129348,190,20260508
448445,230,20260510
439803,252,20260508
301441,337,20260508
84834,204,20260508
161757,551,20260508
324403,228,20260508
309862,577,20260508
103814,475,20260508
147635,203,20260508
330532,325,20260508
450,347,20260508
131261,514,20260508
309142,246,20260508
344974,176,20260508
394451,252,20260508
313730,237,20260508
230591,516,20260508
396740,214,20260508
252163,327,20260508
436560,206,20260508
265785,451,20260508
253470,282,20260508
424442,243,20260508
236304,531,20260508
354859,203,20260508
255293,322,20260508
198455,403,20260508
192656,569,20260508
230898,282,20260508
217335,368,20260508
380394,182,20260508
137238,660,20260508
172362,478,20260508
164354,472,20260508
184704,435,20260508
241025,518,20260508
153497,1032,20260508
19624,379,20260508
76436,278,20260508
34639,256,20260508
14403,389,20260508
11159,561,20260508
623,277,20260508
330538,352,20260508
246862,238,20260508
368789,512,20260508
221372,493,20260508
105024,179,20260508
158237,211,20260508
120265,206,20260508
99219,761,20260508
190232,189,20260508
253679,346,20260508
265755,130,20260508
326264,204,20260508
318307,215,20260508
5614,231,20260508
166988,324,20260508
307161,160,20260508
150010,318,20260508
153639,329,20260508
355516,185,20260508
153991,306,20260508
428664,189,20260508
212370,191,20260508
218863,304,20260508
5251,309,20260508
43526,186,20260508
75360,250,20260508
4884,162,20260508
171541,562,20260508
162378,554,20260508
309207,280,20260508
374542,240,20260508
71668,198,20260508
260298,586,20260508
3563,385,20260508
20646,158,20260508
18723,3309,20260508
295604,129,20260508
240822,647,20260508
385645,210,20260508
334975,174,20260508
238090,272,20260508
289566,292,20260508
43691,480,20260508
301018,395,20260508
3710,383,20260508
169146,310,20260508
27710,7118,20260508
124545,475,20260508
341256,585,20260508
205961,356,20260508
255658,462,20260508
3279,281,20260508
163081,506,20260508
30958,156,20260508
202207,355,20260508
311330,602,20260508
244452,184,20260508
308,245,20260508
213503,371,20260508
431280,289,20260508
344050,301,20260508
362693,235,20260508
158915,518,20260508
23779,331,20260508
15167,602,20260508
345594,185,20260508
171136,499,20260508
386135,509,20260508
229315,312,20260508
302892,174,20260508
90942,173,20260508
194019,409,20260508
346950,394,20260508
378135,231,20260508
334644,493,20260508
129293,1162,20260508
147363,294,20260508
26459,232,20260508
227693,382,20260508
63,462,20260508
66437,517,20260508
951,450,20260508
246700,244,20260508
46323,308,20260508
17533,291,20260508
250725,359,20260508
4388,473,20260508
127282,385,20260508
1098,538,20260508
27965,262,20260508
8325,217,20260508
158168,325,20260508
228943,363,20260508
36739,1289,20260508
5478,538,20260508
367295,326,20260508
377645,367,20260508
178212,204,20260508
145103,379,20260508
220452,244,20260508
306182,561,20260508
171544,264,20260508
400756,568,20260508
133405,327,20260508
159333,148,20260508
173776,170,20260508
122890,361,20260508
40935,489,20260508
193485,542,20260508
382419,297,20260508
308028,235,20260508
438685,178,20260508
34701,366,20260508
379300,344,20260508
24396,1213,20260508
19765,210,20260508
103877,409,20260508
189869,369,20260508
280566,416,20260508
3692,562,20260508
100169,174,20260508
39383,354,20260508
397099,214,20260508
130911,875,20260508
414927,271,20260508
27766,540,20260508
345036,270,20260508
167292,917,20260508
232403,335,20260508
322626,241,20260508
286205,224,20260508
4346,232,20260508
8096,548,20260508
378851,280,20260508
112991,478,20260508
163399,128,20260508
343741,243,20260508
376477,333,20260508
186986,253,20260508
359011,191,20260508
278229,149,20260508
2944,3686,20260508
1835,372,20260508
1302,1084,20260508
62922,158,20260508
436572,197,20260508
262042,342,20260508
417203,131,20260508
379056,232,20260508
145393,339,20260508
413948,389,20260508
143782,249,20260508
282246,237,20260508
12747,507,20260508
192827,508,20260508
181393,375,20260508
391985,308,20260508
428904,168,20260508
3992,234,20260508
314395,315,20260508
142557,363,20260508
158982,384,20260508
368103,316,20260508
22465,680,20260508
234438,212,20260508
273284,442,20260508
244170,280,20260508
337195,238,20260508
90190,670,20260508
316704,132,20260508
216864,505,20260508
123844,373,20260508
159209,543,20260508
402674,238,20260508
260785,266,20260508
8316,189,20260508
16933,2930,20260508
287275,483,20260508
282131,314,20260508
459,257,20260508
131493,347,20260508
153238,412,20260508
214989,463,20260508
444226,164,20260508
289565,265,20260508
17922,349,20260508
39939,135,20260508
343387,476,20260508
304821,226,20260508
422668,197,20260508
145475,348,20260508
15209,371,20260508
301387,179,20260508
345894,225,20260508
118568,318,20260508
15722,381,20260508
75333,335,20260508
134524,167,20260508
306311,465,20260508
415308,137,20260508
249833,808,20260508
176,2185,20260508
420214,446,20260508
399088,1804,20260508
246696,358,20260508
287116,250,20260508
87,431,20260508
173460,446,20260508
301614,249,20260508
314672,175,20260508
1509,504,20260508
371055,393,20260508
451310,274,20260508
820,246,20260508
159910,248,20260508
67199,143,20260508
304983,149,20260508
300085,301,20260508
348973,153,20260508
310363,180,20260508
325401,176,20260508
331685,256,20260508
321506,391,20260508
40491,373,20260508
181807,176,20260508
161578,731,20260508
387248,363,20260508
365455,180,20260508
669,721,20260508
392403,187,20260508
197101,333,20260508
354254,512,20260508
30216,279,20260508
192906,241,20260508
347909,131,20260508
268665,252,20260508
149130,645,20260508
292748,316,20260508
285039,431,20260508
146725,653,20260508
11330,216,20260508
378574,147,20260508
191790,191,20260508
147568,503,20260508
260799,215,20260508
26148,209,20260508
38805,211,20260508
25008,331,20260508
385770,155,20260508
342073,351,20260508
8935,634,20260508
302477,606,20260508
2254,327,20260508
343133,206,20260508
1449,311,20260508
393488,369,20260508
218310,415,20260508
193727,237,20260508
515,256,20260508
107635,393,20260508
2759,218,20260508
31621,632,20260508
144728,1251,20260508
300095,273,20260508
3945,559,20260508
304450,236,20260508
35476,161,20260508
176435,317,20260508
432536,240,20260508
4928,543,20260508
437101,168,20260508
360113,186,20260508
180179,670,20260508
405719,219,20260508
219638,759,20260508
341574,243,20260508
445423,196,20260508
356485,288,20260508
65313,212,20260508
170041,508,20260508
287591,326,20260508
247980,641,20260508
8798,223,20260508
1515,3616,20260508
341306,146,20260508
1383,467,20260508
274234,282,20260508
327392,352,20260508
367031,148,20260508
191095,292,20260508
5711,408,20260508
258154,417,20260508
372197,179,20260508
340420,568,20260508
280475,187,20260508
256685,202,20260508
562,428,20260508
65990,668,20260508
256980,438,20260508
29140,266,20260508
287247,281,20260508
90474,470,20260508
337784,605,20260508
343334,200,20260508
103368,294,20260508
99573,138,20260508
378565,320,20260508
449831,169,20260508
418238,151,20260508
11437,167,20260508
127920,409,20260508
91666,208,20260508
458230,351,20260508
230315,302,20260508
330097,167,20260508
5255,384,20260508
4085,300,20260508
106753,1083,20260508
303418,366,20260508
3226,246,20260508
147240,478,20260508
184561,122,20260508
104805,497,20260508
209289,277,20260508
154394,151,20260508
146818,572,20260508
352710,929,20260508
13403,159,20260508
614,996,20260508
420517,233,20260508
5222,403,20260508
43365,292,20260508
5504,306,20260508
329543,188,20260508
304042,138,20260508
407812,152,20260508
13223,312,20260508
230751,224,20260508
370984,310,20260508
124490,501,20260508
428224,392,20260508
289183,146,20260508
12282,264,20260508
6431,165,20260508
240827,469,20260508
252479,332,20260508
358912,159,20260508
5306,429,20260508
4839,290,20260508
152847,509,20260508
34747,284,20260508
245710,963,20260508
223996,227,20260508
139147,364,20260508
319999,234,20260508
442512,225,20260508
355788,310,20260508
138026,264,20260508
96,616,20260508
6607,2454,20260508
285893,465,20260508
372880,259,20260508
335467,251,20260508
1823,249,20260508
294233,493,20260508
7218,198,20260508
40234,479,20260508
383791,141,20260508
429446,266,20260508
161383,539,20260508
396607,227,20260508
2464,270,20260508
4769,283,20260508
98762,368,20260508
126000,323,20260508
298512,170,20260508
406684,217,20260508
289957,303,20260508
238935,258,20260508
197455,527,20260508
286447,366,20260508
102897,793,20260508
446319,130,20260508
395906,373,20260508
4368,205,20260508
36,435,20260508
246366,291,20260508
136587,1069,20260508
74,19888,20260508
314401,304,20260508
326019,126,20260508
3003,170,20260508
7138,135,20260508
22485,484,20260508
3071,709,20260508
350,330,20260508
279741,218,20260508
181265,338,20260508
98443,296,20260508
327913,161,20260508
17536,154,20260508
69136,230,20260508
411617,470,20260508
231309,230,20260508
122943,343,20260508
85105,683,20260508
384175,297,20260508
129382,318,20260508
302281,400,20260508
189062,1110,20260508
85800,354,20260508
38387,434,20260508
11161,493,20260508
237828,191,20260508
158356,359,20260508
228766,405,20260508
328237,165,20260508
207010,272,20260508
195981,325,20260508
383725,331,20260508
357956,283,20260508
60815,191,20260508
12055,199,20260508
360700,251,20260508
273654,127,20260508
452346,155,20260508
4532,551,20260508
40258,156,20260508
352687,180,20260508
166859,218,20260508
343386,252,20260508
280,252,20260508
425123,176,20260508
436516,252,20260508
311,290,20260508
66798,489,20260508
367978,195,20260508
368340,384,20260508
156007,198,20260508
440942,168,20260510
261529,496,20260508
440843,394,20260508
38275,474,20260508
26162,544,20260508
206169,310,20260508
383087,190,20260508
7824,830,20260508
38873,415,20260508
192116,307,20260508
283867,276,20260508
223449,350,20260508
76322,225,20260508
241106,360,20260508
146207,148,20260508
379582,242,20260508
26156,356,20260508
1072,333,20260508
319078,237,20260508
198412,258,20260508
337098,290,20260508
375440,347,20260508
276169,150,20260508
264991,258,20260508
232461,187,20260508
137406,428,20260508
406454,187,20260508
162152,595,20260508
363242,147,20260508
130134,231,20260508
352981,197,20260508
312463,298,20260508
230430,444,20260508
336791,164,20260508
300036,147,20260508
190462,141,20260508
228452,193,20260508
321305,335,20260508
110260,578,20260508
330510,425,20260508
176980,278,20260508
172662,639,20260508
269917,427,20260508
332804,145,20260508
21436,227,20260508
288335,221,20260508
368846,162,20260508
165563,543,20260508
8017,587,20260508
125315,896,20260508
20077,261,20260508
41493,512,20260508
421281,214,20260508
202564,342,20260508
421570,187,20260510
6226,238,20260508
294113,138,20260508
6508,444,20260508
276337,174,20260508
401505,186,20260508
31449,931,20260508
75828,258,20260508
180921,328,20260508
358027,359,20260508
338364,394,20260508
351969,155,20260508
367992,431,20260508
355208,123,20260508
133518,159,20260508
210113,209,20260508
296164,285,20260508
174192,396,20260508
28944,188,20260508
35964,877,20260508
4226,193,20260508
274690,376,20260508
181867,356,20260508
445045,286,20260508
330401,399,20260508
4275,196,20260508
324467,445,20260508
252362,139,20260508
235113,224,20260508
224907,496,20260508
67,395,20260508
402372,156,20260508
150012,165,20260508
91010,175,20260508
118703,267,20260508
106113,129,20260508
199076,141,20260508
201478,279,20260508
59335,183,20260508
747,228,20260508
326358,297,20260508
331267,120,20260508
370166,219,20260508
8957,265,20260508
136284,384,20260508
119804,282,20260508
1313,164,20260508
379633,332,20260508
12899,165,20260508
206928,403,20260508
17863,149,20260508
274525,203,20260508
175636,351,20260508
426322,115,20260508
166372,958,20260508
276296,410,20260508
223950,323,20260508
343745,207,20260508
285071,231,20260508
322168,188,20260508
8284,277,20260508
256572,180,20260508
128425,186,20260508
200512,250,20260508
16805,177,20260508
333373,528,20260508
35438,474,20260508
360879,278,20260508
110286,356,20260508
282765,842,20260508
286790,213,20260508
10623,196,20260508
284665,473,20260508
391286,216,20260510
285115,199,20260508
99459,486,20260508
1702,409,20260508
284998,256,20260508
232353,306,20260508
1381,1911,20260508
126242,311,20260508
424203,209,20260508
371556,253,20260508
145205,215,20260508
329400,253,20260508
29017,272,20260508
364042,284,20260508
155042,328,20260508
9804,237,20260508
446949,192,20260508
129492,302,20260508
330145,166,20260508
373435,263,20260508
30024,364,20260508
269847,232,20260508
194392,140,20260508
5699,259,20260508
448416,234,20260508
385408,247,20260508
346702,114,20260508
4642,220,20260508
337929,430,20260508
35477,195,20260508
394064,121,20260508
278297,859,20260508
262621,226,20260508
224303,228,20260508
271837,192,20260508
30483,544,20260508
2520,253,20260508
293474,253,20260508
383450,409,20260508
188181,603,20260508
145501,585,20260508
404179,152,20260508
364277,265,20260508
345013,174,20260508
5635,184,20260508
361637,208,20260508
380784,197,20260508
3818,1583,20260508
364276,161,20260508
135215,405,20260508
382958,204,20260508
56128,700,20260508
298690,339,20260508
421233,132,20260508
304620,217,20260508
321140,265,20260508
426482,195,20260508
296987,269,20260508
1520,486,20260508
29678,4131,20260508
300148,305,20260508
256390,818,20260508
359,731,20260508
154895,224,20260508
151275,286,20260508
225317,319,20260508
455101,207,20260508
17465,517,20260508
368519,219,20260508
135508,193,20260508
361084,274,20260508
181404,605,20260508
319529,231,20260508
144607,157,20260508
144988,294,20260508
434860,191,20260508
232201,221,20260508
236370,217,20260508
250865,249,20260508
326848,167,20260508
355276,372,20260508
324512,169,20260508
195296,493,20260508
210101,197,20260508
373915,186,20260508
315,496,20260508
313835,189,20260508
173574,199,20260508
352026,127,20260508
434862,160,20260508
315976,144,20260508
102151,215,20260508
1695,447,20260508
181290,358,20260508
217176,237,20260508
377991,183,20260508
170537,324,20260508
4244,211,20260508
197269,216,20260508
9615,591,20260508
236650,131,20260508
23421,130,20260508
260788,299,20260508
25695,524,20260508
412123,170,20260508
181328,329,20260508
227171,299,20260508
345056,328,20260508
193212,830,20260508
211453,167,20260508
277902,294,20260508
321047,150,20260508
192296,266,20260508
18057,274,20260508
12488,290,20260508
157912,459,20260508
265031,351,20260508
201037,295,20260508
15474,770,20260508
379037,312,20260508
5686,164,20260508
244806,185,20260508
404846,225,20260508
142558,337,20260508
10662,223,20260508
267402,175,20260508
145,391,20260508
68199,151,20260508
153905,292,20260508
128011,274,20260508
133534,213,20260508
258207,259,20260508
124047,566,20260508
37441,260,20260508
2324,207,20260508
417741,187,20260508
170146,552,20260508
52568,357,20260508
202443,414,20260508
174893,349,20260508
404,1086,20260508
126021,172,20260508
4106,298,20260508
298624,273,20260508
153498,166,20260508
490,285,20260508
259121,137,20260508
828,421,20260508
8192,515,20260508
194081,254,20260508
34334,209,20260508
2072,202,20260508
253696,173,20260508
163175,260,20260508
372891,186,20260508
458,651,20260508
254894,292,20260508
310267,177,20260508
145424,240,20260508
7844,184,20260508
366484,188,20260508
64,476,20260508
310194,289,20260508
36986,573,20260508
162114,304,20260508
289601,459,20260508
25605,353,20260508
156878,357,20260508
399826,135,20260508
499,393,20260508
2090,230,20260508
417719,212,20260508
172235,1169,20260508
21709,639,20260508
379066,347,20260508
232981,158,20260508
165346,275,20260508
392473,247,20260508
387219,284,20260508
637,230,20260508
258693,198,20260508
369395,233,20260508
1202,404,20260508
281961,289,20260508
853,362,20260508
227605,421,20260508
450337,206,20260508
29379,175,20260508
303053,482,20260508
379110,612,20260508
144506,199,20260508
46669,148,20260508
357316,255,20260508
195484,344,20260508
329546,220,20260508
121806,554,20260508
142085,229,20260508
248182,301,20260508
329607,213,20260508
245532,146,20260508
2860,217,20260508
425532,201,20260508
720,408,20260508
187104,1011,20260508
8939,179,20260508
310610,226,20260508
44890,216,20260508
359758,135,20260508
240892,599,20260508
27940,1303,20260508
249106,188,20260508
375751,221,20260508
23917,193,20260508
246532,280,20260508
399959,219,20260508
194298,464,20260508
2960,478,20260508
156786,887,20260508
163047,185,20260508
2287,306,20260508
3365,160,20260508
408718,164,20260508
841,384,20260508
39332,537,20260508
174093,365,20260508
415197,213,20260508
264212,272,20260508
292030,278,20260508
309058,214,20260508
346643,196,20260508
224830,159,20260508
5281,330,20260508
313467,238,20260508
264669,148,20260508
11929,838,20260508
279348,217,20260508
281514,576,20260508
404923,202,20260508
351869,154,20260508
8495,271,20260508
401784,214,20260508
324894,197,20260508
34871,507,20260508
350793,101,20260508
8066,165,20260508
2665,213,20260508
41934,130,20260508
427150,111,20260508
224403,240,20260508
3177,317,20260508
27817,135,20260508
186475,557,20260508
5035,389,20260508
313834,241,20260508
450079,153,20260508
135,863,20260508
262520,227,20260508
99130,164,20260508
308565,212,20260508
258437,342,20260508
476,347,20260508
61028,280,20260508
40235,739,20260508
427260,407,20260508
454968,142,20260508
6642,231,20260508
244241,191,20260508
203885,322,20260508
421316,169,20260508
4667,294,20260508
217471,163,20260508
65334,352,20260508
400137,135,20260508
412230,200,20260508
269971,210,20260508
144525,518,20260508
1329,213,20260508
166569,304,20260508
429840,380,20260508
225062,271,20260508
429262,107,20260508
336622,424,20260508
32129,198,20260508
418825,186,20260508
63395,351,20260508
374573,209,20260508
312,984,20260508
331952,153,20260508
3242,1021,20260508
85572,145,20260508
473,267,20260508
170202,507,20260508
245224,127,20260508
277,1056,20260508
205766,322,20260508
371539,128,20260508
342135,169,20260508
272599,342,20260508
2613,278,20260508
285853,205,20260508
238181,183,20260508
249751,153,20260508
207487,327,20260508
86167,242,20260508
13347,581,20260508
413251,124,20260508
372433,299,20260508
322556,185,20260508
8222,1510,20260508
4643,236,20260508
329086,247,20260508
285436,121,20260508
227888,134,20260508
17526,406,20260508
264566,187,20260508
104640,211,20260508
365453,482,20260508
238221,324,20260508
30324,349,20260508
26458,141,20260508
33077,228,20260508
342443,384,20260508
178099,217,20260508
188343,246,20260508
354258,252,20260508
286358,121,20260508
273976,491,20260508
339296,293,20260508
938,3331,20260508
150580,448,20260508
371091,262,20260508
56995,153,20260508
232661,225,20260508
1533,454,20260508
53624,172,20260508
220193,483,20260508
56320,238,20260508
137,1753,20260508
14940,288,20260508
221233,349,20260508
393306,213,20260508
212581,163,20260508
139572,340,20260508
170223,342,20260508
329084,300,20260508
300765,173,20260508
145493,291,20260508
142556,314,20260508
175023,389,20260508
23928,238,20260508
147624,405,20260508
121657,214,20260508
365608,220,20260508
363538,134,20260508
174064,218,20260508
40,288,20260508
395834,137,20260508
5394,133,20260508
233848,364,20260508
142503,639,20260508
206266,299,20260508
566,431,20260508
363695,273,20260508
204498,520,20260508
258636,228,20260508
436055,145,20260508
5476,184,20260508
160853,347,20260508
438845,222,20260508
329962,373,20260508
397926,146,20260508
174182,269,20260508
1803,158,20260508
399166,186,20260508
327082,377,20260508
74408,218,20260508
40550,257,20260508
352593,379,20260508
168537,340,20260508
158837,270,20260508
379153,291,20260508
431479,125,20260508
29199,161,20260508
279087,190,20260508
41100,216,20260508
89342,491,20260508
793,599,20260508
309297,296,20260508
9354,395,20260508
383117,271,20260508
6117,592,20260508
312633,226,20260508
209450,251,20260508
23263,517,20260508
11705,338,20260508
3341,681,20260508
138104,636,20260508
55833,696,20260508
283584,298,20260508
186767,499,20260508
2542,803,20260508
108377,326,20260508
11385,508,20260508
140279,535,20260508
54221,177,20260508
220547,502,20260508
298271,252,20260508
8320,247,20260508
310757,165,20260508
1519,242,20260508
38778,618,20260508
371340,241,20260508
286925,162,20260508
345684,123,20260508
330602,221,20260508
158564,502,20260508
661,431,20260508
6861,152,20260508
41875,285,20260508
204734,397,20260508
198630,141,20260508
349082,314,20260508
298163,129,20260508
23348,398,20260508
70532,168,20260508
158971,289,20260508
7109,214,20260508
127134,556,20260508
116806,110,20260508
201920,776,20260508
2611,361,20260508
22479,408,20260508
36297,170,20260508
310611,226,20260508
265917,206,20260508
365647,275,20260508
304987,226,20260508
160012,238,20260508
179547,152,20260508
207919,314,20260508
180816,419,20260508
156457,500,20260508
337500,233,20260508
156482,202,20260508
415112,105,20260508
181370,338,20260508
42105,383,20260508
359835,199,20260508
251350,243,20260508
75957,120,20260508
20889,189,20260508
88871,160,20260508
34098,127,20260508
230667,420,20260508
66076,419,20260508
287515,127,20260508
432715,277,20260508
220730,247,20260508
339591,204,20260508
325191,217,20260508
277611,233,20260508
315326,161,20260508
14860,175,20260508
9539,304,20260508
176914,294,20260508
181385,342,20260508
361314,305,20260508
249233,282,20260508
267010,217,20260508
187056,254,20260508
248702,988,20260508
380183,307,20260508
314397,263,20260508
40816,437,20260508
5791,289,20260508
12318,474,20260508
450685,186,20260508
439826,139,20260508
180193,226,20260508
74102,447,20260508
292917,243,20260508
58329,531,20260508
419230,254,20260508
392767,188,20260508
293404,214,20260508
231215,197,20260508
379297,330,20260508
4200,184,20260508
374199,171,20260508
325409,248,20260508
514,620,20260508
156719,531,20260508
235533,276,20260508
1163,741,20260508
271751,200,20260508
355850,293,20260508
374507,128,20260508
113567,172,20260508
177248,193,20260508
366166,268,20260508
329812,200,20260508
154804,238,20260508
246588,147,20260508
29383,140,20260508
388668,150,20260508
183264,524,20260508
451304,246,20260508
316494,118,20260508
194233,309,20260508
4657,134,20260508
456055,125,20260508
225316,278,20260508
417130,169,20260508
112694,127,20260508
450281,167,20260508
231027,341,20260508
364556,330,20260508
124390,652,20260508
149794,193,20260508
323206,406,20260508
326112,172,20260508
34829,420,20260508
77011,248,20260508
223777,229,20260508
206448,574,20260508
205826,272,20260508
415848,217,20260510
274028,234,20260508
183836,131,20260508
247733,425,20260508
200280,193,20260508
114684,402,20260508
31821,205,20260508
1371,277,20260508
5928,336,20260508
352818,370,20260508
149793,144,20260508
28436,345,20260508
76883,370,20260508
27028,174,20260508
267991,257,20260508
177725,253,20260508
340910,191,20260508
274,404,20260508
308948,206,20260508
276924,413,20260508
1525,392,20260508
172358,449,20260508
433099,118,20260508
398368,119,20260508
308652,127,20260508
334216,160,20260508
299178,278,20260508
1380,374,20260508
99935,183,20260508
366067,372,20260508
336811,200,20260508
455843,116,20260510
265399,306,20260508
272542,297,20260508
87904,717,20260508
338521,263,20260508
254193,374,20260508
310612,211,20260508
38980,309,20260508
171037,504,20260508
217428,271,20260508
125658,907,20260508
12134,135,20260508
182635,392,20260508
159446,217,20260508
909,222,20260508
988,486,20260508
378293,244,20260508
7634,154,20260508
329669,265,20260508
274178,137,20260508
121993,410,20260508
182982,150,20260508
46422,401,20260508
242589,151,20260508
29055,149,20260508
406459,225,20260508
303830,316,20260508
253396,229,20260508
359443,132,20260508
169366,138,20260508
9855,199,20260508
396619,130,20260508
423698,329,20260508
415472,181,20260508
404351,200,20260508
309857,204,20260508
399378,150,20260508
131581,189,20260508
179259,632,20260508
165959,423,20260508
425056,179,20260508
304949,188,20260508
352810,218,20260508
42651,207,20260508
360932,144,20260508
359234,216,20260508
1633,342,20260508
85147,131,20260508
171431,406,20260508
11122,165,20260508
135888,497,20260508
180937,245,20260508
236125,184,20260508
2268,369,20260508
12141,123,20260508
268274,209,20260508
4831,246,20260508
287673,355,20260508
407720,199,20260508
338678,401,20260508
380975,172,20260508
121409,434,20260508
278824,611,20260508
345014,116,20260508
410097,122,20260508
17530,310,20260508
423307,285,20260508
309427,206,20260508
429849,232,20260508
246759,1222,20260508
102835,979,20260508
286533,287,20260508
40941,363,20260508
220248,116,20260508
327721,127,20260508
205819,261,20260508
32288,210,20260508
15274,142,20260508
295503,178,20260508
236974,103,20260508
29411,292,20260508
2471,15546,20260508
220380,245,20260508
185378,134,20260508
284269,190,20260508
324803,117,20260508
244795,344,20260508
304728,199,20260508
323365,185,20260508
464675,185,20260510
1463,705,20260508
230746,240,20260508
148740,363,20260508
240759,300,20260508
348972,127,20260508
14007,204,20260508
199309,242,20260508
168700,419,20260508
182047,220,20260508
287693,452,20260508
338763,243,20260508
31853,150,20260508
282297,169,20260508
330579,144,20260508
263351,138,20260508
402200,149,20260508
289,239,20260508
359157,282,20260508
3637,205,20260508
309000,454,20260508
298764,184,20260508
65272,242,20260508
1965,278,20260508
16444,489,20260508
14258,658,20260508
24771,524,20260508
2919,206,20260508
5042,184,20260508
354806,157,20260508
184145,172,20260508
238182,215,20260508
40243,145,20260508
359929,135,20260508
171419,255,20260508
193062,267,20260508
366458,153,20260508
378629,144,20260508
229599,283,20260508
144789,279,20260508
366756,213,20260508
280106,138,20260508
231624,237,20260508
170472,114,20260508
417224,228,20260508
260561,145,20260508
145478,338,20260508
441614,115,20260508
208804,259,20260508
869,548,20260508
33785,140,20260508
108157,455,20260508
438727,122,20260508
134626,335,20260508
238957,155,20260508
438729,114,20260508
185380,125,20260508
408840,160,20260508
20082,452,20260508
399318,139,20260508
316928,224,20260508
279056,165,20260508
371482,217,20260508
102690,285,20260508
330208,178,20260508
312722,177,20260508
439547,127,20260508
226454,333,20260508
158973,333,20260508
212839,214,20260508
169530,398,20260508
224134,562,20260508
204003,230,20260508
381726,143,20260508
229453,378,20260508
270637,264,20260508
165404,300,20260508
390903,160,20260508
223327,207,20260508
271693,293,20260508
351616,218,20260508
334049,239,20260508
1726,450,20260508
389113,172,20260508
354425,291,20260508
63778,208,20260508
394325,227,20260508
103670,146,20260508
325828,407,20260508
99696,134,20260508
214747,148,20260508
5772,280,20260508
574,323,20260508
243971,237,20260508
378402,167,20260508
232078,471,20260508
3110,196,20260508
158970,243,20260508
234842,219,20260508
344841,134,20260508
1713,493,20260508
241796,314,20260508
333144,177,20260508
1591,413,20260508
138614,262,20260508
1317,209,20260508
129380,369,20260508
458181,151,20260508
232254,169,20260508
150294,206,20260508
56294,318,20260508
41291,427,20260508
338852,175,20260508
254634,193,20260508
437919,169,20260508
402126,511,20260508
256939,161,20260508
94365,381,20260508
205249,250,20260508
300908,222,20260508
322198,117,20260508
229240,465,20260508
131121,268,20260508
129204,159,20260508
383733,324,20260508
284639,192,20260508
366194,151,20260508
166976,280,20260508
154125,224,20260508
1271,203,20260508
189504,189,20260508
262534,120,20260508
313090,175,20260508
249824,372,20260508
416552,374,20260508
128204,174,20260508
448756,217,20260508
294463,143,20260508
232090,294,20260508
94731,946,20260508
316312,206,20260508
108637,352,20260508
138963,137,20260508
371973,428,20260508
3595,764,20260508
273909,123,20260508
401795,170,20260508
110868,440,20260508
230553,160,20260508
363455,190,20260508
155495,303,20260508
5829,188,20260508
137872,251,20260508
753,297,20260508
256998,262,20260508
393343,250,20260508
369353,157,20260508
378524,173,20260508
3874,807,20260508
18747,278,20260508
16362,479,20260508
422008,162,20260508
4207,258,20260508
41033,184,20260508
207398,112,20260508
82610,398,20260508
431304,380,20260508
118337,499,20260508
27306,374,20260508
142924,327,20260508
1245,1083,20260508
376966,128,20260508
2252,208,20260508
134283,145,20260508
438214,147,20260508
129091,390,20260508
293556,285,20260508
7176,203,20260508
176963,224,20260508
252883,185,20260508
450782,790,20260508
300591,156,20260508
285133,178,20260508
18115,141,20260508
131241,241,20260508
710,417,20260508
449931,136,20260508
445424,157,20260508
1145,224,20260508
34819,654,20260508
219122,217,20260508
434283,219,20260508
18401,164,20260508
181235,169,20260508
447267,147,20260508
207442,285,20260508
284118,317,20260508
421912,185,20260508
303036,180,20260508
438014,121,20260508
168230,365,20260508
255635,183,20260508
2368,442,20260508
120447,689,20260508
369384,129,20260508
139897,643,20260508
203191,228,20260508
133747,258,20260508
2353,263,20260508
18333,1288,20260508
119464,274,20260508
1157,1196,20260508
35293,299,20260508
8812,153,20260508
152345,117,20260508
437073,134,20260508
3248,288,20260508
199908,204,20260508
395848,152,20260508
374114,175,20260508
430319,161,20260508
6544,374,20260508
16035,655,20260508
7453,154,20260508
202737,558,20260508
201861,285,20260508
232345,295,20260508
2422,337,20260508
22948,1186,20260508
4228,216,20260508
269766,370,20260508
11886,203,20260508
291855,330,20260508
11432,157,20260508
266802,283,20260508
451924,205,20260508
322568,311,20260508
282237,298,20260508
341189,121,20260508
138338,218,20260508
380106,176,20260508
24082,516,20260508
247143,470,20260508
10679,128,20260508
245085,347,20260508
289937,187,20260508
2794,180,20260508
293941,286,20260508
9092,288,20260508
230275,397,20260508
322523,111,20260508
264314,196,20260508
369483,395,20260508
302933,233,20260508
362598,181,20260508
369410,161,20260508
108665,645,20260508
286770,193,20260508
212382,279,20260508
26952,351,20260508
345618,149,20260508
155802,413,20260508
155636,239,20260508
114562,257,20260508
2298,170,20260508
327723,120,20260508
302755,259,20260508
127981,374,20260508
323841,185,20260508
7755,166,20260508
326400,326,20260508
21704,945,20260508
379546,185,20260508
7215,163,20260508
318559,238,20260508
416118,111,20260508
99097,747,20260508
17030,226,20260508
121958,740,20260508
14038,704,20260508
410378,240,20260508
394081,215,20260508
62226,210,20260508
71272,554,20260508
7719,986,20260508
443829,314,20260508
240357,182,20260508
8790,1506,20260508
178839,325,20260508
381429,409,20260508
273993,309,20260508
358094,163,20260508
192508,341,20260508
303263,191,20260508
840,531,20260508
78,199,20260508
246146,302,20260508
440,314,20260508
280984,175,20260508
185381,126,20260508
300521,252,20260508
142334,1037,20260508
166418,227,20260508
245904,320,20260508
344295,153,20260508
99078,236,20260508
186723,118,20260508
255392,156,20260508
226562,364,20260508
286062,540,20260508
373657,108,20260508
370436,104,20260508
300731,184,20260508
163310,196,20260508
3836,186,20260508
590,9012,20260508
21569,162,20260508
336357,105,20260508
365534,189,20260508
67148,224,20260508
20761,295,20260508
178153,253,20260508
256085,241,20260508
291952,130,20260508
28037,640,20260508
289850,136,20260508
13016,139,20260508
301572,146,20260508
156976,793,20260508
412927,263,20260508
226802,156,20260508
200170,155,20260508
325011,186,20260508
147206,239,20260508
103469,245,20260508
255332,331,20260508
249275,219,20260508
226256,219,20260508
373489,106,20260508
276161,217,20260508
1794,326,20260508
300407,193,20260508
411400,110,20260508
337397,141,20260508
342927,541,20260508
3656,728,20260508
280162,117,20260508
302991,157,20260508
37184,232,20260508
148443,220,20260508
260694,219,20260508
392448,186,20260508
19727,328,20260508
233016,145,20260508
181120,265,20260508
427887,292,20260508
275785,330,20260508
348425,173,20260508
18121,386,20260508
429661,141,20260508
378040,275,20260508
370438,100,20260508
8139,324,20260508
174926,173,20260508
400949,262,20260508
264925,335,20260508
256728,320,20260508
368944,141,20260508
14039,432,20260508
6928,147,20260508
232267,123,20260508
246689,240,20260508
6752,1929,20260508
99808,504,20260508
147104,271,20260508
342492,144,20260508
175763,469,20260508
229543,461,20260508
91739,107,20260508
143680,119,20260508
173804,374,20260508
2392,8543,20260508
380189,188,20260508
37061,133,20260508
332782,142,20260508
11396,340,20260508
381083,226,20260508
183643,292,20260508
333759,138,20260508
31575,203,20260508
234439,360,20260508
29198,1074,20260508
297001,193,20260508
237114,155,20260508
244082,345,20260508
242292,129,20260508
8630,311,20260508
2301,494,20260508
438119,302,20260508
296605,156,20260508
122691,179,20260508
222462,293,20260508
507,179,20260508
347603,179,20260508
285047,313,20260508
297569,380,20260508
223312,282,20260508
387263,195,20260508
5941,422,20260508
188465,606,20260508
303981,267,20260508
280131,211,20260508
362600,247,20260508
260170,192,20260508
288424,228,20260508
7823,127,20260508
223619,154,20260508
223167,151,20260508
288533,204,20260508
37739,482,20260508
208700,136,20260508
453785,214,20260508
401009,152,20260508
317312,209,20260508
11038,205,20260508
7451,224,20260508
3411,188,20260508
300099,334,20260508
171339,558,20260508
183150,327,20260508
268936,791,20260508
237174,285,20260508
4485,141,20260508
13728,768,20260508
2853,223,20260508
362121,162,20260508
10908,631,20260508
430921,120,20260508
233996,125,20260508
258748,285,20260508
1254,602,20260508
10682,324,20260508
413958,102,20260508
188885,116,20260508
197705,158,20260508
9132,129,20260508
214898,228,20260508
55131,180,20260508
234949,228,20260508
35188,985,20260508
46614,219,20260508
137480,259,20260508
379290,535,20260508
253087,316,20260508
263894,321,20260508
608,329,20260508
437099,143,20260508
11091,109,20260508
6767,180,20260508
168232,272,20260508
247567,335,20260508
12567,164,20260508
150014,438,20260508
289784,180,20260508
403250,352,20260508
151251,231,20260508
426467,131,20260508
256538,316,20260508
62030,332,20260508
26468,170,20260508
4288,151,20260508
192777,268,20260508
24410,508,20260508
260934,254,20260508
234373,224,20260508
299908,177,20260508
198611,349,20260508
263222,129,20260508
261683,204,20260508
210008,465,20260508
264295,174,20260508
29456,1248,20260508
322451,577,20260508
453162,143,20260508
8782,176,20260508
413303,125,20260508
5687,161,20260508
281676,171,20260508
349575,202,20260508
420061,314,20260508
205774,257,20260508
326054,182,20260508
23935,512,20260508
232106,177,20260508
270443,560,20260508
222291,138,20260508
449916,188,20260508
37257,164,20260508
342638,187,20260508
2938,328,20260508
197408,214,20260508
751,334,20260508
66797,439,20260508
9386,288,20260508
383880,179,20260508
189123,105,20260508
12188,192,20260508
357991,410,20260508
91817,241,20260508
197076,129,20260508
89695,165,20260508
2838,1116,20260508
64675,495,20260508
229965,204,20260508
234673,133,20260508
38364,726,20260508
1253,616,20260508
42396,120,20260508
225836,134,20260508
37906,171,20260508
215503,163,20260508
432711,187,20260508
435810,290,20260508
118293,279,20260508
5698,169,20260508
42731,115,20260508
284832,329,20260508
402205,241,20260508
210418,276,20260508
4201,170,20260508
140612,466,20260508
393492,138,20260508
38471,148,20260508
439662,140,20260508
29026,153,20260508
179661,169,20260508
13875,338,20260508
313292,165,20260508
133689,112,20260508
216985,393,20260508
346296,357,20260508
287450,148,20260508
7338,159,20260508
260923,203,20260508
131183,123,20260508
428619,172,20260508
220141,221,20260508
12533,116,20260508
371544,248,20260508
22938,702,20260508
147171,181,20260508
140997,677,20260508
290367,187,20260508
365752,146,20260508
1358,177,20260508
52825,270,20260508
602,341,20260508
246746,175,20260508
136416,351,20260508
310726,137,20260508
33911,663,20260508
347517,151,20260508
256701,244,20260508
10964,177,20260508
272260,283,20260508
349258,146,20260508
432834,124,20260508
176589,474,20260508
157322,621,20260508
27802,321,20260508
152846,177,20260508
8711,217,20260508
340909,186,20260508
11967,127,20260508
369862,134,20260508
207764,233,20260508
178450,404,20260508
398774,154,20260508
5410,117,20260508
160908,178,20260508
6929,170,20260508
232420,442,20260508
382241,144,20260508
162384,139,20260508
352996,112,20260508
208754,120,20260508
382826,114,20260508
380916,200,20260508
358987,132,20260508
204175,317,20260508
228371,187,20260508
328862,213,20260508
197285,333,20260508
160524,114,20260508
386199,275,20260508
192824,364,20260508
3679,355,20260508
184371,356,20260508
306202,178,20260508
257349,241,20260508
182544,113,20260508
344194,100,20260508
141419,209,20260508
23827,133,20260508
293925,137,20260508
199766,188,20260508
15410,457,20260508
86415,222,20260508
6495,118,20260508
233361,117,20260508
218200,202,20260508
61269,430,20260508
269970,198,20260508
264278,202,20260508
152851,413,20260508
429508,211,20260508
410705,213,20260508
344508,187,20260508
400508,327,20260508
445476,111,20260508
39635,291,20260508
361503,172,20260508
236250,162,20260508
402208,202,20260508
52,534,20260508
164027,225,20260508
607,846,20260508
280201,198,20260508
301317,234,20260508
428231,212,20260508
1782,191,20260508
245824,266,20260508
341080,127,20260508
62291,124,20260508
189056,356,20260508
2133,613,20260508
436843,140,20260508
389345,137,20260508
7239,417,20260508
154560,550,20260508
197707,598,20260508
204803,213,20260508
153225,306,20260508
217544,190,20260508
349779,117,20260508
172206,255,20260508
408837,140,20260508
36480,290,20260508
286559,265,20260508
374336,145,20260508
1814,647,20260508
199269,289,20260508
361895,153,20260508
255013,274,20260508
144150,157,20260508
179217,407,20260508
404713,102,20260508
1508,442,20260508
261898,309,20260508
58782,165,20260508
128938,356,20260508
227422,451,20260508
43249,615,20260508
58625,131,20260508
5965,195,20260508
184372,311,20260508
67693,276,20260508
325679,150,20260508
309698,261,20260508
42206,661,20260508
387202,113,20260508
21854,431,20260508
318638,186,20260508
256801,466,20260508
321168,138,20260508
255356,259,20260508
144632,489,20260508
102681,260,20260508
188225,192,20260508
265113,146,20260508
39345,153,20260508
31968,206,20260508
403160,110,20260508
265681,264,20260508
392452,106,20260508
163277,618,20260508
240906,102,20260508
139443,3057,20260508
407627,204,20260508
254992,183,20260508
211813,111,20260508
400265,261,20260508
1144,766,20260508
266141,213,20260508
378833,184,20260508
70916,577,20260508
184730,220,20260508
65814,817,20260508
369689,137,20260508
302965,182,20260508
383479,264,20260508
1806,469,20260508
127432,166,20260508
410518,113,20260508
386377,143,20260508
274300,315,20260508
226170,139,20260508
20266,134,20260508
313723,288,20260508
176564,263,20260508
2607,506,20260508
1257,399,20260508
137933,268,20260508
325681,176,20260508
371636,329,20260508
2574,170,20260508
102631,264,20260508
288798,101,20260508
17395,162,20260508
172542,460,20260508
426043,169,20260508
172162,257,20260508
134,577,20260508
27451,597,20260508
383525,107,20260508
360056,276,20260508
181319,225,20260508
40483,458,20260508
2211,218,20260508
324104,106,20260508
331699,175,20260508
359232,112,20260508
201557,165,20260508
288276,157,20260508
187590,179,20260508
437879,178,20260508
415142,106,20260508
358626,244,20260508
287691,160,20260508
378951,189,20260508
178754,142,20260508
411545,180,20260508
9962,717,20260508
234167,122,20260508
363870,169,20260508
403601,199,20260508
12248,563,20260508
26472,727,20260508
6253,146,20260508
233932,244,20260508
8722,191,20260508
420766,201,20260508
249768,127,20260508
1566,232,20260508
242482,242,20260508
220224,127,20260508
167237,243,20260508
233354,253,20260508
259962,158,20260508
33172,371,20260508
216694,200,20260508
79068,515,20260508
3149,506,20260508
21503,295,20260508
191038,337,20260508
271268,111,20260508
31542,210,20260508
407581,181,20260508
2904,297,20260508
340465,126,20260508
329533,170,20260508
379164,109,20260508
72941,136,20260508
281664,193,20260508
5559,189,20260508
351972,204,20260508
306494,218,20260508
298459,207,20260508
265575,236,20260508
316322,146,20260508
17971,124,20260508
2135,348,20260508
376,807,20260508
360121,177,20260508
251722,132,20260508
148264,139,20260508
195353,149,20260508
298166,224,20260508
238026,112,20260508
335864,274,20260508
219766,153,20260508
128137,298,20260508
448775,163,20260508
294623,152,20260508
3712,361,20260508
87120,250,20260508
279204,179,20260508
371687,156,20260508
322169,177,20260508
1950,1491,20260508
56880,325,20260508
149863,259,20260508
206091,182,20260508
421872,100,20260508
346982,192,20260508
8250,237,20260508
318079,289,20260508
328478,251,20260508
278373,133,20260508
284054,301,20260508
239951,533,20260508
306169,407,20260508
22604,246,20260508
385436,154,20260508
206925,387,20260508
3707,362,20260508
108705,245,20260508
148507,207,20260508
348503,201,20260508
76247,1159,20260508
75782,292,20260508
192274,205,20260508
358805,303,20260508
21182,120,20260508
184085,286,20260508
41006,119,20260508
350610,175,20260508
18931,819,20260508
393404,179,20260508
326985,101,20260508
268,317,20260508
99479,311,20260508
982,522,20260508
18606,143,20260508
418628,132,20260508
9556,309,20260508
139747,106,20260508
299573,262,20260508
165347,223,20260508
42131,134,20260508
3572,227,20260508
346467,149,20260508
4386,279,20260508
288572,100,20260508
3339,269,20260508
5991,140,20260508
346606,113,20260508
266018,163,20260508
446329,147,20260508
260156,163,20260508
186945,169,20260508
5034,229,20260508
408545,523,20260508
394512,157,20260508
204615,344,20260508
4289,145,20260508
210295,209,20260508
37885,107,20260508
245444,1162,20260508
79282,598,20260508
402245,146,20260508
300081,225,20260508
340789,249,20260508
41763,152,20260508
265912,497,20260508
285110,138,20260508
284082,773,20260508
152172,169,20260508
423013,157,20260508
66608,569,20260508
454150,183,20260508
208256,192,20260508
344334,200,20260508
2610,190,20260508
342508,134,20260508
258244,2761,20260508
11202,483,20260508
43845,107,20260508
20590,142,20260508
140524,235,20260508
10523,272,20260508
8003,219,20260508
221371,367,20260508
246316,296,20260508
171721,178,20260508
5482,210,20260508
82424,352,20260508
180256,153,20260508
449137,209,20260508
129010,282,20260508
206943,220,20260508
199086,225,20260508
447687,182,20260508
377041,143,20260508
366012,131,20260508
3316,194,20260508
112381,293,20260508
62214,125,20260508
374266,110,20260508
254639,208,20260508
83283,112,20260508
286980,239,20260508
421165,214,20260508
267246,160,20260508
437313,100,20260508
26054,586,20260508
41243,152,20260508
279014,368,20260508
347600,164,20260508
264797,325,20260508
4287,241,20260508
72285,199,20260508
445456,133,20260508
11436,123,20260508
214125,204,20260508
8232,450,20260508
60029,144,20260508
361639,357,20260508
238919,127,20260508
497,652,20260508
212376,334,20260508
180809,131,20260508
58886,442,20260508
374455,113,20260508
367194,106,20260508
369519,343,20260508
407595,115,20260508
170909,132,20260508
68250,189,20260508
7976,429,20260508
205831,496,20260508
421299,241,20260508
88140,270,20260508
185244,294,20260508
17397,158,20260508
33155,367,20260508
4168,794,20260508
174260,283,20260508
301,391,20260508
239465,174,20260508
359442,114,20260508
14186,205,20260508
2608,531,20260508
422045,152,20260508
22544,343,20260508
41837,137,20260508
9296,176,20260508
223518,523,20260508
271038,370,20260508
4980,333,20260508
369,319,20260508
66665,137,20260508
425610,125,20260508
158812,253,20260508
129225,186,20260508
378830,104,20260508
138105,359,20260508
103235,406,20260508
237551,136,20260508
177541,278,20260508
410338,165,20260508
271044,673,20260508
250355,234,20260508
350469,265,20260508
242753,148,20260508
319223,123,20260508
154939,269,20260508
6551,459,20260508
254846,224,20260508
155119,811,20260508
127188,355,20260508
24511,185,20260508
101796,352,20260508
357674,346,20260508
377028,193,20260508
367030,212,20260508
254132,197,20260508
723,486,20260508
40561,209,20260508
37362,273,20260508
137744,251,20260508
261490,133,20260508
198408,360,20260508
37383,103,20260508
6627,536,20260508
867,247,20260508
129946,320,20260508
395771,151,20260508
82272,321,20260508
351765,163,20260508
431053,118,20260508
354395,286,20260508
388753,169,20260508
191895,373,20260508
137141,130,20260508
3385,505,20260508
123129,501,20260508
218957,275,20260508
430817,122,20260508
20228,305,20260508
375408,170,20260508
158793,105,20260508
142432,644,20260508
245629,185,20260508
80933,333,20260508
5826,150,20260508
1827,766,20260508
536,254,20260508
416850,233,20260508
419793,241,20260508
215436,166,20260508
188991,194,20260508
163354,680,20260508
60316,459,20260508
315882,308,20260508
74596,163,20260508
429378,159,20260508
31554,139,20260508
370649,159,20260508
195373,438,20260508
297234,167,20260508
76207,244,20260508
296666,103,20260508
306577,120,20260508
2543,342,20260508
332229,166,20260508
389031,152,20260508
353326,100,20260508
424753,164,20260508
298309,259,20260508
128537,372,20260508
339222,185,20260508
303621,232,20260508
8553,159,20260508
215521,260,20260508
55781,160,20260508
14042,380,20260508
203800,141,20260508
20044,164,20260508
429836,130,20260508
251364,105,20260508
410273,215,20260508
402109,224,20260508
385765,128,20260508
35220,119,20260508
10164,627,20260508
182638,305,20260508
285570,247,20260508
2179,429,20260508
430702,152,20260508
376469,129,20260508
189829,213,20260508
6646,346,20260508
232956,106,20260508
2123,304,20260508
485,1128,20260508
289802,166,20260508
5171,166,20260508
72448,697,20260508
4009,231,20260508
36596,147,20260508
239845,215,20260508
359763,326,20260508
202026,108,20260508
118553,251,20260508
422368,150,20260508
197061,335,20260508
12764,200,20260508
281982,247,20260508
391084,236,20260508
42448,935,20260508
364266,198,20260508
260465,114,20260508
347755,156,20260508
394430,336,20260508
55679,362,20260508
258561,202,20260508
161921,159,20260508
171489,515,20260508
182178,112,20260508
5235,178,20260508
428989,142,20260508
341362,138,20260508
259837,141,20260508
1489,877,20260508
282544,161,20260508
209206,155,20260508
156737,340,20260508
264452,491,20260508
67436,633,20260508
295368,142,20260508
140314,157,20260508
234104,201,20260508
142265,166,20260508
223033,162,20260508
67361,264,20260508
369800,119,20260508
87200,233,20260508
263,405,20260508
173759,234,20260508
199357,332,20260508
366753,244,20260508
7662,122,20260508
18400,312,20260508
408383,242,20260508
320960,238,20260508
2256,310,20260508
411982,139,20260508
183720,258,20260508
158098,110,20260508
203042,284,20260508
274072,125,20260508
136245,386,20260508
5060,157,20260508
1471,308,20260508
240902,125,20260508
40370,271,20260508
161138,466,20260508
371333,157,20260508
40759,243,20260508
266980,176,20260508
25196,206,20260508
8976,194,20260508
3851,270,20260508
222853,274,20260508
27490,260,20260508
9346,251,20260508
170951,260,20260508
434246,112,20260508
317430,127,20260508
357872,161,20260508
356954,174,20260508
5351,166,20260508
4113,173,20260508
109,408,20260508
420891,103,20260508
1844,261,20260508
257962,280,20260508
397747,130,20260508
131232,192,20260508
204733,168,20260508
370391,169,20260508
144228,133,20260508
262135,170,20260508
391625,148,20260508
375616,290,20260508
439209,161,20260508
83196,291,20260508
244196,120,20260508
296644,101,20260508
193327,176,20260508
287258,149,20260508
348325,206,20260508
3600,205,20260508
157521,179,20260508
444547,176,20260508
446223,101,20260508
448432,119,20260508
145722,585,20260508
18824,193,20260508
147505,266,20260508
166109,510,20260508
141735,406,20260508
166280,265,20260508
385975,135,20260508
4292,126,20260508
196105,182,20260508
354201,292,20260508
5157,236,20260508
260239,203,20260508
404422,109,20260508
449155,222,20260508
140172,365,20260508
310198,298,20260508
203624,332,20260508
193725,123,20260508
282438,173,20260508
66080,135,20260508
13520,137,20260508
192701,505,20260508
331946,126,20260508
377738,271,20260508
343833,191,20260508
313471,186,20260508
26884,994,20260508
212450,185,20260508
179385,238,20260508
4270,147,20260508
394306,262,20260508
38870,118,20260508
420737,168,20260508
382676,128,20260508
247191,339,20260508
164205,208,20260508
144223,148,20260508
100104,226,20260508
161537,374,20260508
10559,398,20260508
334599,117,20260508
2524,306,20260508
140638,638,20260508
264858,273,20260508
435357,290,20260510
127839,193,20260508
400297,160,20260508
287899,113,20260508
59008,100,20260508
424451,114,20260508
7365,215,20260508
255970,187,20260508
322560,202,20260508
4241,127,20260508
63743,270,20260508
9202,1283,20260508
205420,195,20260508
254532,194,20260508
128218,202,20260508
247578,156,20260508
15235,136,20260508
305,369,20260508
447587,187,20260508
294219,131,20260508
209222,219,20260508
11093,122,20260508
358790,378,20260508
226312,191,20260508
386508,217,20260508
270677,265,20260508
146963,223,20260508
180204,133,20260508
2742,142,20260508
25409,341,20260508
104575,466,20260508
169062,486,20260508
364544,138,20260508
257836,521,20260508
29278,112,20260508
382909,120,20260508
281206,440,20260508
328289,279,20260508
223514,209,20260508
256704,171,20260508
151456,143,20260508
294813,121,20260508
196676,120,20260508
75441,171,20260508
96345,595,20260508
358561,122,20260508
378367,548,20260508
378013,106,20260508
240584,203,20260508
318702,150,20260508
94733,576,20260508
176215,299,20260508
59223,396,20260508
175510,237,20260508
256956,212,20260508
38904,249,20260508
325678,164,20260508
379055,134,20260508
239808,254,20260508
319290,174,20260508
257700,368,20260508
345408,148,20260508
736,331,20260508
275777,209,20260508
449297,224,20260508
99655,242,20260508
162022,150,20260508
38858,388,20260508
1518,446,20260508
98122,374,20260508
13254,142,20260508
165522,200,20260508
3050,110,20260508
222951,142,20260508
167650,140,20260508
147883,134,20260508
234105,469,20260508
155258,170,20260508
316620,144,20260508
366316,285,20260508
134637,226,20260508
290380,147,20260508
30771,120,20260508
158882,362,20260508
228944,148,20260508
194194,239,20260508
229782,274,20260508
238277,151,20260508
294237,166,20260508
175541,169,20260508
284294,146,20260508
367344,159,20260508
395846,617,20260508
5242,133,20260508
189030,239,20260508
312958,117,20260508
13995,143,20260508
47218,403,20260508
410722,132,20260508
280655,170,20260508
289765,249,20260508
3706,627,20260508
205078,305,20260508
12875,471,20260508
258140,137,20260508
207845,213,20260508
1910,602,20260508
190017,194,20260508
35599,270,20260508
264638,141,20260508
154902,400,20260508
245876,176,20260508
37615,654,20260508
282774,106,20260508
136890,107,20260508
2452,17361,20260508
7975,174,20260508
173337,185,20260508
25242,466,20260508
35801,429,20260508
427354,119,20260508
428182,168,20260508
67285,227,20260508
290028,251,20260508
292506,266,20260508
320559,136,20260508
132416,103,20260508
159375,375,20260508
11438,127,20260508
255678,163,20260508
67309,308,20260508
17534,735,20260508
146144,179,20260508
202477,268,20260508
209886,289,20260508
10672,537,20260508
5827,128,20260508
10707,334,20260508
7831,151,20260508
402744,203,20260508
232216,164,20260508
285535,253,20260508
406257,202,20260508
197409,209,20260508
37738,470,20260508
315877,290,20260508
445459,130,20260508
22847,286,20260508
4934,403,20260508
59576,172,20260508
411399,122,20260508
184207,144,20260508
32146,609,20260508
419437,109,20260508
230968,261,20260508
346463,142,20260508
1709,253,20260508
93819,198,20260508
317643,245,20260508
63385,250,20260508
37794,303,20260508
137500,145,20260508
25462,213,20260508
126426,193,20260508
8285,180,20260508
7753,190,20260508
295480,157,20260508
342542,168,20260508
225977,163,20260508
161995,251,20260508
147884,120,20260508
6926,133,20260508
21703,182,20260508
144382,284,20260508
191128,525,20260508
14054,274,20260508
127438,256,20260508
21469,272,20260508
415025,109,20260508
334187,143,20260508
3466,297,20260508
413435,597,20260508
378395,106,20260508
248641,107,20260508
173452,189,20260508
297666,209,20260508
63928,116,20260508
2132,297,20260508
158888,118,20260508
25537,153,20260508
27823,619,20260508
300882,161,20260508
150533,403,20260508
244817,271,20260508
238360,224,20260508
31443,108,20260508
169436,335,20260508
32,442,20260508
211450,305,20260508
146880,264,20260508
263744,288,20260508
6976,127,20260508
158742,1264,20260508
13503,179,20260508
379158,154,20260508
303,237,20260508
156853,281,20260508
1997,213,20260508
2376,225,20260508
5485,176,20260508
156750,163,20260508
18085,156,20260508
406708,201,20260508
35179,187,20260508
126026,139,20260508
3765,198,20260508
155411,137,20260508
83157,255,20260508
73650,260,20260508
310641,152,20260508
397376,231,20260508
1831,178,20260508
156843,110,20260508
386168,217,20260508
187121,154,20260508
18781,117,20260508
231666,1320,20260508
203087,112,20260508
218176,152,20260508
17654,114,20260508
231824,369,20260508
353289,136,20260508
285627,229,20260508
286114,127,20260508
181192,297,20260508
4613,122,20260508
322522,326,20260508
2994,155,20260508
287821,181,20260508
295195,137,20260508
249868,113,20260508
303733,347,20260508
353765,197,20260508
2494,166,20260508
252542,129,20260508
328643,140,20260508
39045,254,20260508
180853,209,20260508
94331,172,20260508
5400,147,20260508
322624,150,20260508
16177,193,20260508
28705,276,20260508
153815,229,20260508
148744,172,20260508
119407,1230,20260508
39169,135,20260508
317,231,20260508
5228,194,20260508
104498,157,20260508
426713,121,20260508
251660,208,20260508
234093,199,20260508
83092,272,20260508
6608,434,20260508
195533,161,20260508
351581,131,20260508
2884,304,20260508
170477,162,20260508
1416,457,20260508
155322,288,20260508
413087,158,20260508
299933,323,20260508
119899,270,20260508
199790,145,20260508
40004,262,20260508
1836,899,20260508
1901,239,20260508
5939,202,20260508
145609,154,20260508
4953,983,20260508
249095,222,20260508
209095,475,20260508
56241,123,20260508
148764,278,20260508
261246,162,20260508
313159,111,20260508
364579,195,20260508
368309,188,20260508
27380,429,20260508
195180,173,20260508
393880,122,20260508
1188,536,20260508
369082,181,20260508
24207,225,20260508
35395,263,20260508
130393,165,20260508
345046,103,20260508
219807,128,20260508
257306,183,20260508
299939,293,20260508
168662,108,20260508
28828,180,20260508
182218,824,20260508
436804,123,20260508
144468,415,20260508
164110,338,20260508
419454,138,20260508
843,227,20260508
7576,218,20260508
299270,133,20260508
345863,180,20260508
799,273,20260508
22377,190,20260508
10445,293,20260508
406852,150,20260508
232509,318,20260508
334784,174,20260508
3567,494,20260508
394197,115,20260508
216,768,20260508
426045,179,20260508
301728,137,20260508
278784,121,20260508
314461,120,20260508
141428,347,20260508
24933,324,20260508
378731,140,20260508
394332,181,20260508
369870,142,20260508
3966,279,20260508
161620,142,20260508
156108,360,20260508
177857,249,20260508
365037,138,20260508
363550,228,20260508
32405,526,20260508
401177,125,20260508
34284,232,20260508
4362,129,20260508
2844,178,20260508
245382,254,20260508
289397,223,20260508
320255,150,20260508
378556,150,20260508
191991,139,20260508
6540,112,20260508
412997,230,20260508
268098,108,20260508
378568,187,20260508
216014,422,20260508
53103,233,20260508
419643,147,20260508
243435,496,20260508
271270,218,20260508
131393,100,20260508
303734,383,20260508
398771,125,20260508
72204,320,20260508
182605,507,20260508
386198,323,20260508
208411,458,20260508
328535,229,20260508
235767,240,20260508
400268,165,20260508
176633,141,20260508
121615,603,20260508
226997,148,20260508
309315,150,20260508
220284,157,20260508
174975,264,20260508
377185,117,20260508
6121,274,20260508
404233,279,20260508
7008,108,20260508
9629,129,20260508
316407,276,20260508
13924,156,20260508
392703,135,20260508
139042,144,20260508
3163,215,20260508
35865,144,20260508
4091,246,20260508
263236,132,20260508
18975,356,20260508
4291,114,20260508
256487,108,20260508
391892,136,20260508
423232,153,20260508
288431,164,20260508
349805,168,20260508
244948,281,20260508
274429,129,20260508
177538,186,20260508
141418,300,20260508
175989,320,20260508
299248,142,20260508
89951,204,20260508
126025,207,20260508
183447,342,20260508
159515,350,20260508
93185,581,20260508
111069,197,20260508
24225,256,20260508
32149,159,20260508
3662,196,20260508
185241,152,20260508
29638,196,20260508
251037,261,20260508
164236,163,20260508
24935,1319,20260508
295694,150,20260508
228409,213,20260508
128568,135,20260508
327396,184,20260508
3766,126,20260508
9476,157,20260508
10668,144,20260508
245704,210,20260508
218576,261,20260508
172158,292,20260508
1014,159,20260508
35472,276,20260508
280041,561,20260508
2997,287,20260508
375215,190,20260508
144958,143,20260508
204055,164,20260508
437168,108,20260508
105199,489,20260508
2728,236,20260508
2091,157,20260508
416817,138,20260508
199646,111,20260508
170825,230,20260508
128475,569,20260508
369256,222,20260508
5041,153,20260508
322739,284,20260508
317288,142,20260508
111379,202,20260508
108783,335,20260508
194964,191,20260508
1370,437,20260508
274548,190,20260508
323317,207,20260508
158978,366,20260508
142364,312,20260508
1860,1135,20260508
5021,292,20260508
1694,227,20260508
39210,239,20260508
369301,112,20260508
17924,149,20260508
352963,130,20260508
553,4589,20260508
335872,188,20260508
2157,172,20260508
27938,334,20260508
287260,116,20260508
3170,225,20260508
2192,232,20260508
361861,111,20260508
319680,402,20260508
396914,104,20260508
344620,203,20260508
268469,261,20260508
1784,147,20260508
174584,217,20260508
29952,142,20260508
2641,127,20260508
215482,257,20260508
7748,100,20260508
6251,110,20260508
287411,192,20260508
5142,172,20260508
258131,171,20260508
324957,182,20260508
244169,195,20260508
265304,102,20260508
15081,100,20260508
8954,221,20260508
151310,206,20260508
334267,123,20260508
176816,393,20260508
410774,142,20260508
158791,289,20260508
19665,328,20260508
993,225,20260508
280107,340,20260508
220926,615,20260508
422737,173,20260508
198003,178,20260508
198791,187,20260508
272215,169,20260508
319829,185,20260508
298164,236,20260508
269623,263,20260508
150996,248,20260508
265960,113,20260508
299180,182,20260508
131332,366,20260508
66116,291,20260508
275213,217,20260508
302212,253,20260508
125493,415,20260508
404356,169,20260508
438733,122,20260508
10579,146,20260508
354328,209,20260508
421304,130,20260508
51195,147,20260508
340455,256,20260508
796,228,20260508
6381,783,20260508
158548,292,20260508
230064,249,20260508
427865,338,20260508
160436,118,20260508
39406,264,20260508
6569,470,20260508
215155,124,20260508
225976,119,20260508
2541,684,20260508
10149,158,20260508
13729,542,20260508
42713,299,20260508
148975,191,20260508
32171,148,20260508
9149,472,20260508
393975,183,20260508
97094,424,20260508
287174,147,20260508
427464,212,20260508
114530,109,20260508
198671,145,20260508
257667,191,20260508
18615,121,20260508
40182,196,20260508
202096,117,20260508
209672,173,20260508
138317,917,20260508
540,263,20260508
302990,113,20260508
295571,315,20260508
431480,101,20260508
324558,100,20260508
179280,779,20260508
175209,202,20260508
168582,222,20260508
218314,456,20260508
198971,180,20260508
366782,136,20260508
170799,194,20260508
271,473,20260508
258376,179,20260508
349918,104,20260508
240835,176,20260508
174431,122,20260508
91430,347,20260508
231854,294,20260508
410292,121,20260508
252,178,20260508
10986,168,20260508
1722,297,20260508
435356,180,20260508
3053,125,20260508
234846,236,20260508
2478,322,20260508
191932,260,20260508
370418,190,20260508
4278,201,20260508
192201,147,20260508
191070,227,20260508
270972,402,20260508
417491,142,20260508
891,10036,20260508
19903,102,20260508
371118,218,20260508
291431,187,20260508
88464,234,20260508
319402,245,20260508
287217,163,20260508
317910,105,20260508
60126,146,20260508
356381,147,20260508
383053,152,20260508
246355,127,20260508
150364,316,20260508
374130,156,20260508
193164,504,20260508
3663,197,20260508
94255,159,20260508
420523,150,20260508
347748,170,20260508
55911,392,20260508
435367,201,20260508
9833,114,20260508
276431,227,20260508
1757,130,20260508
313439,180,20260508
248072,310,20260508
22606,206,20260508
25182,342,20260508
342636,380,20260508
14017,976,20260508
204601,112,20260508
367522,290,20260508
350108,103,20260508
298130,184,20260508
231392,128,20260508
372243,130,20260508
172164,226,20260508
277017,475,20260508
220341,161,20260508
46362,366,20260508
22472,155,20260508
5014,494,20260508
236205,191,20260508
60245,182,20260508
199907,141,20260508
447565,209,20260508
319736,182,20260508
354342,382,20260508
24996,192,20260508
30179,209,20260508
213421,168,20260508
156474,177,20260508
375573,186,20260508
283077,104,20260508
388677,120,20260508
5082,299,20260508
140101,265,20260508
861,569,20260508
191057,1326,20260508
55756,157,20260508
16693,647,20260508
396704,143,20260508
182385,235,20260508
3237,147,20260508
414350,140,20260508
93537,229,20260508
133835,194,20260508
39066,205,20260508
8702,140,20260508
15827,115,20260508
396332,147,20260508
71886,186,20260508
193291,132,20260508
449,294,20260508
201812,121,20260508
260264,103,20260508
100473,140,20260508
19918,277,20260508
433075,223,20260508
339741,190,20260508
217470,146,20260508
4425,440,20260508
378959,229,20260508
162591,512,20260508
201046,336,20260508
262275,345,20260508
312965,194,20260508
159470,215,20260508
268276,208,20260508
356226,322,20260508
308529,279,20260508
74678,120,20260508
363351,226,20260508
215213,236,20260508
191285,193,20260508
229369,193,20260508
425142,111,20260508
5751,122,20260508
66896,180,20260508
93194,452,20260508
23828,196,20260508
408308,105,20260508
269403,146,20260508
153481,176,20260508
1294,22504,20260508
26745,179,20260508
18946,1633,20260508
445123,109,20260508
428062,209,20260508
351666,134,20260508
6584,326,20260508
233960,279,20260508
381748,116,20260508
99132,165,20260508
207783,353,20260508
6554,420,20260508
24270,420,20260508
70324,236,20260508
3133,377,20260508
29656,209,20260508
26118,162,20260508
248567,174,20260508
403409,108,20260508
4881,214,20260508
297570,193,20260508
229742,248,20260508
223151,252,20260508
89403,265,20260508
266538,201,20260508
428682,103,20260508
287222,253,20260508
148471,115,20260508
192286,318,20260508
26736,103,20260508
259005,223,20260508
225736,179,20260508
362965,142,20260508
288284,167,20260508
38703,299,20260508
170415,528,20260508
2975,473,20260508
348072,214,20260508
235839,141,20260508
72799,167,20260508
394201,377,20260508
14452,144,20260508
16538,126,20260508
4331,298,20260508
173648,164,20260508
18058,226,20260508
153113,120,20260508
120305,327,20260508
7502,139,20260508
2443,175,20260508
177815,206,20260508
83068,398,20260508
425873,133,20260508
144709,170,20260508
1501,1939,20260508
397,542,20260508
375311,188,20260508
318551,182,20260508
232823,181,20260508
392372,176,20260508
81850,293,20260508
139629,620,20260508
13512,198,20260508
283795,287,20260508
355473,213,20260508
411403,153,20260508
383551,160,20260508
54372,252,20260508
13077,141,20260508
7114,137,20260508
1912,218,20260508
240100,178,20260508
4121,126,20260508
265569,249,20260508
232481,214,20260508
127275,193,20260508
253575,131,20260508
179251,127,20260508
254195,335,20260508
7970,157,20260508
23761,198,20260508
130999,488,20260508
85245,283,20260508
368168,242,20260508
311686,252,20260508
4342,110,20260508
40213,466,20260508
298370,153,20260508
435346,113,20260508
423683,151,20260508
378423,140,20260508
339647,106,20260508
285166,167,20260508
116877,244,20260508
1205,325,20260508
265226,136,20260508
285193,111,20260508
361860,124,20260508
257991,323,20260508
38062,239,20260508
401779,211,20260508
423404,108,20260510
202582,813,20260508
339599,108,20260508
825,394,20260508
19646,599,20260508
381639,147,20260508
281385,121,20260508
33030,254,20260508
432146,113,20260508
238700,138,20260508
231152,141,20260508
360033,118,20260508
369995,149,20260508
1558,378,20260508
182541,220,20260508
1251,367,20260508
20623,113,20260508
448291,206,20260508
361840,230,20260508
9288,147,20260508
374071,228,20260508
297864,328,20260508
302914,154,20260508
186974,166,20260508
102275,150,20260508
84088,143,20260508
147030,961,20260508
26961,255,20260508
268183,115,20260508
23311,233,20260508
741,128,20260508
249404,179,20260508
38837,112,20260508
281099,109,20260508
227143,105,20260508
297661,173,20260508
4449,147,20260508
400566,113,20260508
446269,102,20260508
202265,126,20260508
335492,123,20260508
148036,336,20260508
436219,112,20260508
17204,229,20260508
211996,302,20260508
139032,288,20260508
426318,118,20260508
175177,185,20260508
266771,331,20260508
415815,115,20260508
169544,239,20260508
274563,120,20260508
129710,439,20260508
17895,123,20260508
22947,144,20260508
275783,102,20260508
159566,819,20260508
300509,114,20260508
162292,265,20260508
381021,148,20260508
156061,257,20260508
277901,107,20260508
403128,150,20260508
285183,212,20260508
765,417,20260508
366575,129,20260508
94375,132,20260508
217098,196,20260508
2629,926,20260508
5607,260,20260508
144479,208,20260508
35662,115,20260508
366089,111,20260508
198775,162,20260508
318392,106,20260508
97377,117,20260508
183963,125,20260508
436591,118,20260508
1187,314,20260508
274076,111,20260508
19878,470,20260508
221408,124,20260508
391565,391,20260508
215455,160,20260508
5332,298,20260508
251349,351,20260508
76810,315,20260508
297892,193,20260508
216482,428,20260508
352003,121,20260508
24085,203,20260508
406861,230,20260508
1160,170,20260508
352725,180,20260508
322354,198,20260508
398947,180,20260508
6641,126,20260508
10659,866,20260508
251213,102,20260508
231045,293,20260508
332,223,20260508
211,247,20260508
389,309,20260508
6504,188,20260508
17382,229,20260508
344427,216,20260508
278989,124,20260508
314009,137,20260508
300727,313,20260508
217261,105,20260508
13920,118,20260508
1572,170,20260508
12367,214,20260508
4991,405,20260508
325477,219,20260508
232478,181,20260508
451377,119,20260508
280897,129,20260508
38923,137,20260508
198029,298,20260508
399375,125,20260508
836,166,20260508
382966,223,20260508
175121,233,20260508
1324,1036,20260508
413299,164,20260508
245206,153,20260508
351809,201,20260508
297897,129,20260508
309625,197,20260508
191351,106,20260508
6352,568,20260508
400835,145,20260508
261831,486,20260508
405296,132,20260508
183441,185,20260508
253319,112,20260508
97939,165,20260508
353401,118,20260508
36241,259,20260508
18961,467,20260508
57803,141,20260508
746,586,20260508
207202,136,20260508
183780,115,20260508
298352,461,20260508
195231,230,20260508
334712,156,20260508
324884,192,20260508
2213,216,20260508
1312,276,20260508
230424,210,20260508
3887,367,20260508
267013,110,20260508
19537,206,20260508
31198,115,20260508
172596,441,20260508
340773,167,20260508
3724,197,20260508
343350,110,20260508
367367,250,20260508
3369,181,20260508
212663,141,20260508
4395,772,20260508
163771,115,20260508
15173,144,20260508
164917,197,20260508
189341,154,20260508
2060,873,20260508
673,220,20260508
388683,129,20260508
320677,179,20260508
234292,347,20260508
228234,221,20260508
262273,285,20260508
127721,155,20260508
66088,400,20260508
223481,212,20260508
166726,163,20260508
12266,104,20260508
6516,134,20260508
5294,175,20260508
71676,1189,20260508
26147,232,20260508
10272,123,20260508
300296,295,20260508
187587,126,20260508
377221,104,20260508
5195,1039,20260508
374026,180,20260508
381671,100,20260508
6974,157,20260508
142401,253,20260508
158883,251,20260508
271759,180,20260508
148309,106,20260508
191067,223,20260508
357963,180,20260508
185845,108,20260508
333481,123,20260508
399376,102,20260508
392463,137,20260508
419908,138,20260508
324937,142,20260508
31553,124,20260508
249888,125,20260508
41849,138,20260508
2553,197,20260508
369257,199,20260508
144499,262,20260508
18103,151,20260508
289916,156,20260508
187808,109,20260508
31612,413,20260508
267397,110,20260508
267313,137,20260508
426330,131,20260508
100172,161,20260508
448419,101,20260508
12622,120,20260508
200359,336,20260508
724,434,20260508
290611,175,20260508
256643,206,20260508
5641,1127,20260508
248761,137,20260508
424567,148,20260508
452300,174,20260508
319095,167,20260508
964,214,20260508
23757,314,20260508
124356,154,20260508
351874,120,20260508
5573,111,20260508
149169,153,20260508
303648,638,20260508
38944,207,20260508
286939,119,20260508
359288,120,20260508
260168,119,20260508
369411,100,20260508
234700,166,20260508
23878,192,20260508
88922,826,20260508
349042,137,20260508
88559,152,20260508
442655,185,20260508
5992,190,20260508
354842,206,20260508
247188,325,20260508
365653,178,20260508
1356,255,20260508
20074,202,20260508
233033,116,20260508
771,150,20260508
7718,268,20260508
299151,245,20260508
22378,117,20260508
335451,109,20260508
411396,131,20260508
94734,532,20260508
180345,153,20260508
411369,227,20260508
2342,382,20260508
381826,188,20260508
169986,101,20260508
76728,106,20260508
397228,176,20260508
395376,145,20260508
21955,865,20260508
197071,162,20260508
409503,124,20260508
451166,101,20260508
91668,226,20260508
219509,253,20260508
40667,260,20260508
166436,229,20260508
130908,176,20260508
158268,430,20260508
401223,210,20260508
391824,263,20260508
412381,275,20260508
3246,150,20260508
383451,133,20260508
147790,672,20260508
378,120,20260508
288098,165,20260508
331228,154,20260508
22684,217,20260508
109296,331,20260508
2885,110,20260508
13976,326,20260508
107638,346,20260508
277469,154,20260508
9237,111,20260508
109922,118,20260508
19464,354,20260508
275800,211,20260508
428587,104,20260508
128098,157,20260508
297478,267,20260508
111172,352,20260508
346553,158,20260508
402360,113,20260508
186990,123,20260508
411013,157,20260508
24491,396,20260508
291008,203,20260508
172600,617,20260508
165984,133,20260508
273955,108,20260508
351849,126,20260508
9803,136,20260508
187777,273,20260508
214123,223,20260508
154498,277,20260508
23829,188,20260508
375365,129,20260508
251131,104,20260508
226592,206,20260508
337638,106,20260508
302840,270,20260508
165022,112,20260508
276205,146,20260508
209926,127,20260508
448107,132,20260508
224794,101,20260508
240901,104,20260508
5333,115,20260508
243636,119,20260508
397074,205,20260508
329588,145,20260508
2699,136,20260508
255029,329,20260508
17925,137,20260508
262310,137,20260508
1772,167,20260508
189160,322,20260508
235511,217,20260508
373009,110,20260508
93400,177,20260508
410251,138,20260508
162367,354,20260508
451212,107,20260508
370687,143,20260508
213631,162,20260508
316113,153,20260508
21324,113,20260508
232119,250,20260508
3977,187,20260508
251832,116,20260508
295788,114,20260508
55158,221,20260508
429020,349,20260508
363531,157,20260508
9108,409,20260508
7537,167,20260508
1189,108,20260508
34001,308,20260508
62143,114,20260508
89767,166,20260508
191191,208,20260508
317367,399,20260508
107861,344,20260508
181956,263,20260508
163432,165,20260508
396995,139,20260508
356296,119,20260508
346255,199,20260508
291348,152,20260508
235697,132,20260508
242742,369,20260508
299604,173,20260508
416494,130,20260508
37875,114,20260508
339545,139,20260508
28574,279,20260508
93540,261,20260508
140163,299,20260508
109285,112,20260508
38764,131,20260508
224675,216,20260508
4975,205,20260508
278042,124,20260508
4651,519,20260508
2399,936,20260508
193,813,20260508
7989,382,20260508
4916,167,20260508
380821,125,20260508
244814,133,20260508
2212,410,20260508
93001,262,20260508
385245,168,20260508
366470,122,20260508
256568,620,20260508
194307,130,20260508
432062,180,20260508
4746,378,20260508
6916,145,20260508
416054,139,20260508
10323,155,20260508
207883,172,20260508
154677,154,20260508
357298,181,20260508
326983,134,20260508
29078,268,20260508
6558,324,20260508
181268,180,20260508
314125,202,20260508
331808,147,20260508
7637,135,20260508
18212,188,20260508
212958,264,20260508
29599,182,20260508
167604,114,20260508
241829,160,20260508
3015,201,20260508
394507,163,20260508
323367,471,20260508
236143,208,20260508
399104,295,20260508
8071,192,20260508
427263,122,20260508
346094,119,20260508
230860,107,20260508
461,209,20260508
270265,129,20260508
126789,263,20260508
284751,195,20260508
166298,241,20260508
151683,128,20260508
192288,113,20260508
250878,200,20260508
1373,188,20260508
593,188,20260508
179804,131,20260508
3517,171,20260508
29138,162,20260508
198700,174,20260508
256381,133,20260508
5718,366,20260508
140779,229,20260508
185262,246,20260508
150930,306,20260508
379554,174,20260508
367898,108,20260508
145042,109,20260508
209280,197,20260508
281020,180,20260508
46410,191,20260508
142197,777,20260508
17274,299,20260508
251519,146,20260508
4364,103,20260508
297702,105,20260508
435652,331,20260508
3531,147,20260508
135019,230,20260508
181959,266,20260508
369869,136,20260508
349242,110,20260508
257378,122,20260508
408853,127,20260508
200351,134,20260508
7994,156,20260508
332420,175,20260508
3231,319,20260508
174990,191,20260508
1780,182,20260508
194028,217,20260508
332018,120,20260508
94724,332,20260508
378737,150,20260508
29030,601,20260508
2344,221,20260508
98975,103,20260508
193422,156,20260508
144955,136,20260508
278305,229,20260508
23931,198,20260508
43245,121,20260508
5831,152,20260508
368554,129,20260508
671,240,20260508
44614,317,20260508
246938,325,20260508
131616,300,20260508
5940,105,20260508
449448,106,20260508
162476,152,20260508
2978,447,20260508
153002,177,20260508
209290,170,20260508
86406,105,20260508
348065,162,20260508
178515,199,20260508
297673,138,20260508
400629,134,20260508
406323,146,20260508
255042,148,20260508
364609,134,20260508
153870,171,20260508
4146,226,20260508
397227,174,20260508
406378,203,20260508
180471,264,20260508
355,275,20260508
772,312,20260508
168549,200,20260508
152952,232,20260508
8721,124,20260508
309003,105,20260508
136146,125,20260508
2388,201,20260508
333775,146,20260508
910,180,20260508
86445,102,20260508
9792,691,20260508
157451,164,20260508
416027,125,20260508
230514,109,20260508
322158,122,20260508
172484,154,20260508
7089,192,20260508
2995,274,20260508
198701,178,20260508
230785,164,20260508
351868,106,20260508
355467,194,20260508
321306,135,20260508
359175,169,20260508
129395,559,20260508
436932,105,20260508
17859,218,20260508
257957,242,20260508
5480,192,20260508
177542,201,20260508
217974,171,20260508
311702,153,20260508
423850,247,20260508
3523,108,20260508
302310,141,20260508
341315,267,20260508
423677,211,20260508
2857,256,20260508
192315,121,20260508
363699,188,20260508
203584,133,20260508
290468,100,20260508
258665,371,20260508
161719,212,20260508
30991,184,20260508
47125,176,20260508
130729,357,20260508
412563,274,20260508
2903,443,20260508
238412,177,20260508
215918,408,20260508
77361,140,20260508
247984,240,20260508
206780,142,20260508
165521,150,20260508
6814,134,20260508
174959,101,20260508
428582,111,20260508
345520,173,20260508
29386,104,20260508
301011,254,20260508
386270,161,20260508
182050,229,20260508
83492,176,20260508
2472,996,20260508
184802,110,20260508
183949,203,20260508
427942,108,20260508
154857,186,20260508
26859,1380,20260508
129280,161,20260508
27736,126,20260508
225274,269,20260508
2881,254,20260508
24157,1300,20260508
22826,349,20260508
148759,285,20260508
350764,121,20260508
203462,233,20260508
177843,267,20260508
36599,725,20260508
31822,492,20260508
234860,143,20260508
94837,556,20260508
19212,159,20260508
168792,134,20260508
186793,183,20260508
30057,613,20260508
223538,417,20260508
247778,179,20260508
1588,247,20260508
283935,177,20260508
104736,111,20260508
15271,339,20260508
56835,432,20260508
170756,140,20260508
23915,162,20260508
86128,487,20260508
353290,130,20260508
6617,282,20260508
222424,142,20260508
351956,100,20260508
149639,175,20260508
112598,831,20260508
193981,239,20260508
146943,191,20260508
63052,381,20260508
28004,145,20260508
33018,101,20260508
129904,1290,20260508
343852,241,20260508
5548,105,20260508
330478,127,20260508
5241,253,20260508
5516,114,20260508
420992,109,20260508
120316,224,20260508
9300,141,20260508
6555,169,20260508
1881,572,20260508
5702,107,20260508
278971,245,20260508
13455,145,20260508
285992,448,20260508
320862,169,20260508
4330,303,20260508
276654,164,20260508
195742,164,20260508
19505,257,20260508
87893,267,20260508
368941,103,20260508
113853,236,20260508
68876,194,20260508
423835,122,20260508
138728,154,20260508
50719,246,20260508
15269,112,20260508
220499,116,20260508
240094,362,20260508
15386,167,20260508
308500,265,20260508
177976,183,20260508
2778,287,20260508
3262,171,20260508
301032,179,20260508
371042,101,20260508
4202,120,20260508
287608,151,20260508
217338,180,20260508
245950,218,20260508
74233,251,20260508
203716,265,20260508
14036,316,20260508
33159,397,20260508
246812,264,20260508
346621,148,20260508
388720,110,20260508
103666,165,20260508
453472,110,20260508
208321,108,20260508
205544,141,20260508
83919,350,20260508
45319,307,20260508
201054,962,20260508
188614,420,20260508
164446,108,20260508
204592,602,20260508
181331,267,20260508
7828,135,20260508
4358,666,20260508
263085,100,20260508
293579,171,20260508
164259,133,20260508
13933,290,20260508
277184,112,20260508
17995,146,20260508
180977,136,20260508
145086,273,20260508
172866,366,20260508
198608,111,20260508
378279,115,20260508
324342,249,20260508
181382,148,20260508
10186,125,20260508
311004,107,20260508
274566,272,20260508
4668,234,20260508
167283,157,20260508
8843,126,20260508
258,18796,20260508
12459,162,20260508
8757,109,20260508
244267,287,20260508
307182,107,20260508
262806,113,20260508
169513,212,20260508
1555,456,20260508
3562,437,20260508
272597,129,20260508
172033,215,20260508
381984,137,20260508
207899,160,20260508
228526,179,20260508
218519,133,20260508
506,515,20260508
369010,102,20260508
704,615,20260508
8350,152,20260508
311828,178,20260508
920,296,20260508
396649,182,20260508
419202,188,20260508
370566,173,20260508
365627,127,20260508
29382,175,20260508
156420,241,20260508
364343,176,20260508
4052,517,20260508
233266,121,20260508
91050,273,20260508
558,245,20260508
132799,251,20260508
34450,167,20260508
172998,114,20260508
177062,103,20260508
359861,124,20260508
276923,196,20260508
343028,214,20260508
286215,129,20260508
401258,134,20260508
177823,129,20260508
147144,158,20260508
424957,154,20260508
18481,183,20260508
261,285,20260508
338896,101,20260508
209849,131,20260508
1919,419,20260508
292914,671,20260508
215066,253,20260508
7922,151,20260508
185276,220,20260508
6559,163,20260508
361335,217,20260508
122313,284,20260508
316850,104,20260508
158876,108,20260508
432709,120,20260508
157815,279,20260508
401,166,20260508
379395,170,20260508
220368,279,20260508
338549,110,20260508
193417,175,20260508
286656,152,20260508
289939,130,20260508
1738,244,20260508
309721,103,20260508
298173,175,20260508
94915,401,20260508
176193,153,20260508
286064,138,20260508
243752,155,20260508
382609,210,20260508
154499,287,20260508
1375,176,20260508
23055,153,20260508
5278,156,20260508
178361,260,20260508
209282,185,20260508
374342,463,20260508
2538,184,20260508
380455,127,20260508
177619,103,20260508
312243,101,20260508
20772,188,20260508
177160,132,20260508
5178,196,20260508
2173,504,20260508
13314,122,20260508
365594,209,20260508
42112,174,20260508
21463,294,20260508
221805,325,20260508
268543,139,20260508
4959,156,20260508
229235,276,20260508
7501,130,20260508
436842,122,20260508
221198,276,20260508
218028,244,20260508
145344,111,20260508
3269,747,20260508
451923,101,20260508
27574,247,20260508
3181,3646,20260508
301262,177,20260508
109801,238,20260508
461819,158,20260508
223767,111,20260508
351540,628,20260508
193831,219,20260508
422177,124,20260508
6282,177,20260508
371794,159,20260508
206463,131,20260508
2888,144,20260508
225000,277,20260508
338006,127,20260508
9112,108,20260508
4978,158,20260508
422685,183,20260508
267243,113,20260508
192829,317,20260508
2936,433,20260508
240926,177,20260508
220443,173,20260508
14701,202,20260508
189506,149,20260508
286295,442,20260508
585,141,20260508
9577,197,20260508
235841,179,20260508
305221,130,20260508
34152,237,20260508
416,282,20260508
102881,200,20260508
22863,169,20260508
35706,446,20260508
2339,549,20260508
7064,155,20260508
335131,224,20260508
1579,398,20260508
15069,146,20260508
396384,125,20260508
251632,160,20260508
380839,137,20260508
343,257,20260508
223201,398,20260508
22843,100,20260508
7771,127,20260508
403528,170,20260508
142687,667,20260508
70097,196,20260508
54201,182,20260508
20528,419,20260508
162383,109,20260508
217619,280,20260508
188825,110,20260508
20122,267,20260508
24764,664,20260508
38402,511,20260508
402714,108,20260508
146152,257,20260508
206904,142,20260508
128114,222,20260508
25972,125,20260508
142333,140,20260508
23658,275,20260508
4961,311,20260508
298171,180,20260508
250539,426,20260508
10467,173,20260508
269077,152,20260508
170430,381,20260508
436010,119,20260508
2078,206,20260508
283466,109,20260508
2444,299,20260508
245371,170,20260508
19081,203,20260508
2343,207,20260508
470,270,20260508
257415,196,20260508
193584,113,20260508
360224,208,20260508
255165,145,20260508
154,114,20260508
81542,304,20260508
72269,207,20260508
2265,404,20260508
258135,169,20260508
42688,244,20260508
10520,400,20260508
247963,148,20260508
171234,170,20260508
73312,255,20260508
104555,358,20260508
345918,245,20260508
24078,146,20260508
129858,165,20260508
15911,212,20260508
20847,545,20260508
256569,314,20260508
178166,154,20260508
340898,257,20260508
116981,310,20260508
358133,144,20260508
427904,105,20260508
36623,100,20260508
368230,144,20260508
339790,111,20260508
618,288,20260508
343696,290,20260508
184663,268,20260508
7204,500,20260508
210660,132,20260508
15435,149,20260508
31075,555,20260508
428577,120,20260508
307033,115,20260508
367056,160,20260508
171542,438,20260508
436146,114,20260508
295478,211,20260508
64583,245,20260508
398388,304,20260508
118025,347,20260508
91425,214,20260508
125936,108,20260508
172006,110,20260508
4604,486,20260508
162580,510,20260508
18296,488,20260508
3084,382,20260508
153510,130,20260508
4421,232,20260508
82948,235,20260508
159405,142,20260508
314,229,20260508
3581,167,20260508
276281,182,20260508
13224,210,20260508
243704,257,20260508
801,104,20260508
290982,102,20260508
225981,569,20260508
130499,215,20260508
302417,184,20260508
1237,216,20260508
386660,112,20260508
40638,282,20260508
226322,1489,20260508
104340,214,20260508
200886,103,20260508
207117,338,20260508
49261,242,20260508
130242,177,20260508
342717,133,20260508
244716,159,20260508
313349,115,20260508
445610,107,20260508
2262,133,20260508
7177,122,20260508
174517,107,20260508
226506,149,20260508
337269,248,20260508
4436,129,20260508
285171,136,20260508
44558,277,20260508
246263,127,20260508
292487,151,20260508
241760,337,20260508
227026,194,20260508
170922,204,20260508
3057,143,20260508
402475,138,20260508
378985,111,20260508
4323,306,20260508
102107,313,20260508
370869,121,20260508
239,117,20260508
253149,194,20260508
14525,153,20260508
182953,137,20260508
195163,141,20260508
296419,164,20260508
19544,235,20260508
336946,177,20260508
21769,101,20260508
3152,138,20260508
180906,147,20260508
389513,155,20260508
209567,274,20260508
37982,235,20260508
434865,140,20260508
156945,107,20260508
290025,147,20260508
835,103,20260508
1250,445,20260508
174646,133,20260508
295081,135,20260508
5277,103,20260508
31410,187,20260508
295,341,20260508
169375,199,20260508
286154,177,20260508
15180,768,20260508
414661,166,20260508
292339,162,20260508
292684,126,20260508
944,391,20260508
5768,119,20260508
53840,126,20260508
181464,187,20260508
245384,168,20260508
292901,148,20260508
187976,349,20260508
322865,109,20260508
343981,147,20260508
235360,238,20260508
300944,103,20260508
380923,130,20260508
325545,151,20260508
306257,137,20260508
11139,106,20260508
339742,157,20260508
165719,107,20260508
145553,248,20260508
161923,141,20260508
27608,210,20260508
244584,211,20260508
20253,146,20260508
166276,150,20260508
41372,541,20260508
2174,145,20260508
336373,144,20260508
9616,488,20260508
239938,143,20260508
282721,110,20260508
25768,142,20260508
196392,243,20260508
1319,364,20260508
189925,150,20260508
368093,161,20260508
253512,156,20260508
196698,118,20260508
340858,171,20260508
4235,179,20260508
307534,206,20260508
2229,235,20260508
353684,104,20260508
380229,192,20260508
379160,101,20260508
2457,260,20260508
8690,730,20260508
257669,133,20260508
414,351,20260508
290,763,20260508
6946,212,20260508
413034,132,20260508
234221,189,20260508
270227,157,20260508
195275,200,20260508
73543,152,20260508
175626,153,20260508
358016,163,20260508
273336,320,20260508
422331,123,20260508
144290,134,20260508
5503,218,20260508
9177,179,20260508
301662,146,20260508
395581,227,20260508
12135,115,20260508
39862,407,20260508
8815,131,20260508
112118,104,20260508
191065,206,20260508
299453,108,20260508
160234,128,20260508
221677,111,20260508
162738,213,20260508
231876,154,20260508
453407,129,20260508
344339,118,20260508
279581,101,20260508
434141,215,20260508
366463,101,20260508
240776,177,20260508
363039,283,20260508
2627,112,20260508
59161,254,20260508
143657,103,20260508
158916,340,20260508
257834,168,20260508
194387,193,20260508
118177,142,20260508
137140,244,20260508
4915,127,20260508
263051,144,20260508
323903,159,20260508
5697,641,20260508
67878,161,20260508
228142,151,20260508
2216,210,20260508
7164,298,20260508
23657,121,20260508
68931,123,20260508
5183,144,20260508
143073,102,20260508
16196,139,20260508
8944,462,20260508
2366,254,20260508
237745,109,20260508
68186,153,20260508
2249,301,20260508
9077,120,20260508
193105,113,20260508
182954,123,20260508
291066,112,20260508
165586,300,20260508
7255,106,20260508
217581,173,20260508
2775,122,20260508
135812,138,20260508
13542,329,20260508
105265,355,20260508
98739,200,20260508
161966,152,20260508
349194,105,20260508
359238,148,20260508
325237,124,20260508
272636,162,20260508
202494,208,20260508
309319,120,20260508
369114,135,20260508
3000,102,20260508
364425,192,20260508
28289,106,20260508
226860,329,20260508
96765,206,20260508
367024,105,20260508
342703,158,20260508
184117,183,20260508
38918,301,20260508
36788,111,20260508
246693,201,20260508
2248,215,20260508
5296,480,20260508
17557,1834,20260508
285536,132,20260508
242616,151,20260508
285234,129,20260508
387561,102,20260508
254394,176,20260508
7420,153,20260508
146197,182,20260508
324158,139,20260508
73472,265,20260508
484,773,20260508
358051,129,20260508
345626,121,20260508
420240,103,20260508
324930,165,20260508
16144,618,20260508
158445,147,20260508
1420,989,20260508
280994,163,20260508
402747,162,20260508
177513,142,20260508
3403,152,20260508
333776,143,20260508
394269,103,20260508
40949,244,20260508
5146,148,20260508
344629,128,20260508
35812,263,20260508
276832,123,20260508
114784,167,20260508
155315,104,20260508
165657,748,20260508
67123,126,20260508
151645,159,20260508
129751,105,20260508
176678,118,20260508
262899,199,20260508
6548,104,20260508
270223,141,20260508
148144,208,20260508
6039,119,20260508
292509,147,20260508
172563,102,20260508
228101,194,20260508
414944,149,20260508
149746,302,20260508
242879,149,20260508
194577,237,20260508
22924,169,20260508
329529,174,20260508
341510,437,20260508
311894,111,20260508
284,163,20260508
411015,241,20260508
24321,171,20260508
155633,199,20260508
339592,138,20260508
240175,129,20260508
183360,141,20260508
6644,684,20260508
2105,124,20260508
341178,125,20260508
229527,106,20260508
13359,189,20260508
170437,267,20260508
40830,226,20260508
224319,256,20260508
448741,105,20260508
180202,179,20260508
12325,191,20260508
17623,294,20260508
27609,251,20260508
199913,223,20260508
193121,140,20260508
184648,185,20260508
228425,189,20260508
166858,108,20260508
370837,105,20260508
30706,353,20260508
257307,116,20260508
125022,116,20260508
361540,104,20260508
13981,152,20260508
6914,103,20260508
254415,127,20260508
124000,162,20260508
216357,284,20260508
161762,342,20260508
360328,238,20260508
1335,349,20260508
1543,265,20260508
6240,188,20260508
147474,266,20260508
173291,279,20260508
220878,185,20260508
324885,304,20260508
6841,205,20260508
325830,203,20260508
346143,260,20260508
87141,153,20260508
158535,118,20260508
85563,176,20260508
301009,136,20260508
9961,122,20260508
5736,189,20260508
5264,142,20260508
359082,165,20260508
429477,226,20260508
424198,136,20260508
164448,390,20260508
1575,374,20260508
244153,206,20260508
292971,123,20260508
169658,152,20260508
209714,122,20260508
140236,133,20260508
382960,432,20260508
148639,201,20260508
565,160,20260508
419094,126,20260508
6980,298,20260508
396090,103,20260508
39710,211,20260508
193912,127,20260508
9650,108,20260508
430851,123,20260508
8328,230,20260508
15047,443,20260508
170431,288,20260508
7310,150,20260508
2087,642,20260508
239877,127,20260508
2559,157,20260508
2521,220,20260508
7849,100,20260508
260269,116,20260508
168512,225,20260508
368307,119,20260508
12627,544,20260508
642,277,20260508
1208,101,20260508
244502,115,20260508
183361,187,20260508
20821,180,20260508
38707,280,20260508
12501,113,20260508
17705,322,20260508
419334,101,20260508
60228,102,20260508
283073,124,20260508
487,299,20260508
4357,115,20260508
180867,784,20260508
257316,117,20260508
6918,138,20260508
167404,106,20260508
303635,128,20260508
3794,249,20260508
139807,171,20260508
237106,104,20260508
108737,118,20260508
4918,123,20260508
278413,434,20260508
201446,142,20260508
325704,168,20260508
453767,152,20260508
361552,166,20260508
228378,180,20260508
171775,169,20260508
391048,170,20260508
27613,219,20260508
267945,255,20260508
211808,221,20260508
229496,106,20260508
285125,213,20260508
10829,122,20260508
411937,105,20260508
239930,163,20260508
3078,100,20260508
377873,116,20260508
206686,116,20260508
447737,106,20260508
166888,190,20260508
277475,110,20260508
250285,132,20260508
102159,108,20260508
5143,100,20260508
7774,126,20260508
143416,119,20260508
179627,153,20260508
209283,107,20260508
310371,121,20260508
25423,235,20260508
55835,474,20260508
69318,230,20260508
381834,133,20260508
6021,124,20260508
227502,144,20260508
223360,268,20260508
293836,215,20260508
183626,177,20260508
203265,200,20260508
145470,128,20260508
201281,103,20260508
248909,183,20260508
57201,120,20260508
374212,163,20260508
357992,112,20260508
3807,107,20260508
2200,131,20260508
406299,307,20260508
10534,212,20260508
6046,132,20260508
318714,131,20260508
17125,151,20260508
365702,202,20260508
370235,314,20260508
15000,220,20260508
221977,197,20260508
409509,115,20260508
416952,128,20260508
312346,188,20260508
11695,222,20260508
1081,184,20260508
43856,146,20260508
335541,132,20260508
381992,193,20260508
238407,115,20260508
369104,190,20260508
195547,350,20260508
182801,158,20260508
164589,369,20260508
238676,237,20260508
337863,115,20260508
420522,107,20260508
38195,209,20260508
357989,196,20260508
1943,677,20260508
258070,130,20260508
98529,255,20260508
236178,215,20260508
367575,165,20260508
59960,431,20260508
421852,107,20260508
320018,136,20260508
1387,436,20260508
379306,117,20260508
203029,112,20260508
6380,161,20260508
181694,123,20260508
3313,297,20260508
320383,110,20260508
193248,206,20260508
191374,120,20260508
363718,131,20260508
396706,153,20260508
474,233,20260508
190,205,20260508
2199,237,20260508
4366,106,20260508
32226,274,20260508
177210,468,20260508
158861,149,20260508
8317,118,20260508
377506,102,20260508
172166,152,20260508
10676,162,20260508
24122,153,20260508
94732,509,20260508
1551,372,20260508
387917,103,20260508
10681,1269,20260508
90050,315,20260508
376760,102,20260508
25142,370,20260508
260644,165,20260508
5700,163,20260508
2758,136,20260508
4125,195,20260508
164147,178,20260508
331056,109,20260508
38462,131,20260508
2335,170,20260508
177099,121,20260508
11514,100,20260508
136910,107,20260508
180387,132,20260508
365235,180,20260508
9297,452,20260508
331390,118,20260508
18579,116,20260508
166640,334,20260508
258160,134,20260508
204143,220,20260508
414176,220,20260508
20907,115,20260508
444551,174,20260508
83,151,20260508
4020,124,20260508
165046,143,20260508
367601,183,20260508
3507,318,20260508
2698,161,20260508
2412,248,20260508
421373,110,20260508
237229,196,20260508
5997,115,20260508
255680,129,20260508
296667,157,20260508
369959,106,20260508
72808,180,20260508
300298,211,20260508
3618,176,20260508
2427,198,20260508
34905,226,20260508
379409,136,20260508
276416,135,20260508
132251,1145,20260508
3625,272,20260508
149621,159,20260508
1300,315,20260508
133671,263,20260508
39994,254,20260508
1352,255,20260508
340498,104,20260508
217554,335,20260508
297318,138,20260508
174243,175,20260508
237638,114,20260508
65582,269,20260508
204577,157,20260508
11706,292,20260508
217404,177,20260508
84913,113,20260508
123408,230,20260508
257965,221,20260508
6112,156,20260508
32995,136,20260508
1891,271,20260508
19074,524,20260508
308386,168,20260508
358050,245,20260508
7639,124,20260508
341914,138,20260508
309600,127,20260508
41185,130,20260508
270140,130,20260508
214910,339,20260508
6399,126,20260508
70096,146,20260508
3183,226,20260508
365307,355,20260508
538,139,20260508
263421,135,20260508
142551,145,20260508
254427,198,20260508
147681,209,20260508
407214,100,20260508
2672,398,20260508
339743,162,20260508
268952,202,20260508
180785,424,20260508
19653,135,20260508
39565,172,20260508
212378,159,20260508
219,196,20260508
380844,108,20260508
2088,161,20260508
377068,158,20260508
20233,179,20260508
216630,108,20260508
322148,221,20260508
168882,373,20260508
21829,187,20260508
226643,290,20260508
65516,293,20260508
374,186,20260508
431290,104,20260508
129417,150,20260508
436590,124,20260508
346995,104,20260508
326243,155,20260508
265585,126,20260508
379242,102,20260508
3965,162,20260508
72848,406,20260508
87632,229,20260508
363489,111,20260508
32048,183,20260508
188051,133,20260508
126274,237,20260508
56690,199,20260508
257967,155,20260508
2965,220,20260508
7487,112,20260508
343384,102,20260508
342716,100,20260508
277629,133,20260508
509,796,20260508
2082,171,20260508
2226,142,20260508
281198,116,20260508
577,240,20260508
255586,123,20260508
179723,177,20260508
301085,272,20260508
134596,129,20260508
391086,266,20260508
202884,146,20260508
169368,128,20260508
423792,115,20260508
365103,153,20260508
166633,777,20260508
3749,412,20260508
115370,116,20260508
165523,121,20260508
160814,548,20260508
310301,118,20260508
11694,106,20260508
162191,184,20260508
313274,283,20260508
182952,124,20260508
255702,122,20260508
425604,136,20260508
226006,111,20260508
197588,183,20260508
2947,468,20260508
217447,212,20260508
204755,212,20260508
126404,154,20260508
171950,186,20260508
274784,116,20260508
99081,954,20260508
141825,107,20260508
423051,112,20260508
235252,417,20260508
136279,140,20260508
252484,134,20260508
418954,261,20260508
5065,111,20260508
447570,100,20260508
305838,151,20260508
337117,104,20260508
72083,126,20260508
298376,208,20260508
376485,124,20260508
24051,212,20260508
93138,151,20260508
1961,795,20260508
11542,187,20260508
328536,302,20260508
436507,115,20260508
330560,132,20260508
230528,133,20260508
270350,135,20260508
103883,157,20260508
4234,118,20260508
273937,157,20260508
162391,109,20260508
2562,299,20260508
43393,126,20260508
15156,563,20260508
223096,150,20260508
5182,136,20260508
388361,109,20260508
2879,469,20260508
422692,177,20260508
230266,382,20260508
179548,118,20260508
234972,142,20260508
434,577,20260508
1986,1336,20260508
2043,639,20260508
402668,133,20260508
409787,102,20260508
186755,201,20260508
57349,200,20260508
188021,269,20260508
865,237,20260508
1773,242,20260508
267359,201,20260508
231878,105,20260508
164627,172,20260508
190266,103,20260508
198,253,20260508
155822,339,20260508
195518,594,20260508
3377,886,20260508
177245,117,20260508
171708,111,20260508
12604,154,20260508
93895,112,20260508
129029,226,20260508
183,156,20260508
2121,156,20260508
284845,177,20260508
124044,180,20260508
27719,210,20260508
344933,200,20260508
108012,134,20260508
17022,106,20260508
6037,142,20260508
284785,114,20260508
95756,176,20260508
460372,138,20260508
7955,173,20260508
21991,111,20260508
9619,106,20260508
1150,994,20260508
127096,206,20260508
8,213,20260508
180211,213,20260508
3022,327,20260508
159877,103,20260508
175496,196,20260508
5155,166,20260508
22666,105,20260508
392471,132,20260508
1898,149,20260508
89918,402,20260508
30505,116,20260508
188997,128,20260508
363089,206,20260508
85567,123,20260508
174231,195,20260508
350760,151,20260508
18056,104,20260508
218503,105,20260508
113656,148,20260508
41311,288,20260508
386761,234,20260508
136240,230,20260508
3771,186,20260508
386061,101,20260508
28060,177,20260508
272,147,20260508
264970,130,20260508
67972,129,20260508
304666,116,20260508
8737,110,20260508
447378,112,20260508
687,165,20260508
66851,246,20260508
1744,333,20260508
224013,230,20260508
229708,168,20260508
164760,152,20260508
378142,117,20260508
394203,102,20260508
238136,155,20260508
257395,120,20260508
164590,167,20260508
130229,177,20260508
2918,109,20260508
223454,102,20260508
104655,418,20260508
147889,233,20260508
400943,154,20260508
335,395,20260508
17054,187,20260508
1321,199,20260508
208995,108,20260508
1404,197,20260508
9439,516,20260508
24028,367,20260508
4914,127,20260508
189351,308,20260508
383,117,20260508
266936,128,20260508
327643,182,20260508
295483,105,20260508
6270,119,20260508
6045,140,20260508
285792,121,20260508
440634,128,20260508
320097,166,20260508
1804,141,20260508
236803,100,20260508
16149,171,20260508
244738,201,20260508
433382,106,20260508
7240,479,20260508
353677,144,20260508
298261,106,20260508
124706,183,20260508
1590,695,20260508
134631,235,20260508
355829,133,20260508
11973,128,20260508
269205,127,20260508
319288,226,20260508
285203,132,20260508
156458,138,20260508
26747,241,20260508
392694,154,20260508
25687,155,20260508
7840,112,20260508
247294,108,20260508
16142,210,20260508
242328,149,20260508
246147,114,20260508
267182,103,20260508
119729,260,20260508
303003,109,20260508
234511,171,20260508
10234,122,20260508
434423,101,20260508
102219,179,20260508
369992,117,20260508
191901,122,20260508
581,266,20260508
4236,201,20260508
255396,131,20260508
270685,116,20260508
271522,108,20260508
64080,207,20260508
324641,143,20260508
378292,108,20260508
88950,217,20260508
207290,105,20260508
274735,196,20260508
26919,102,20260508
233364,133,20260508
4659,466,20260508
212807,110,20260508
289427,101,20260508
295020,120,20260508
273164,153,20260508
4254,100,20260508
2334,120,20260508
81826,100,20260508
373636,657,20260508
263736,157,20260508
22664,536,20260508
19048,253,20260508
352293,149,20260508
44338,179,20260508
5038,106,20260508
171620,353,20260508
525,134,20260508
453781,119,20260510
7538,690,20260508
266940,106,20260508
232437,217,20260508
121015,441,20260508
138966,152,20260508
274557,202,20260508
86542,134,20260508
271756,207,20260508
192668,252,20260508
62709,447,20260508
132407,125,20260508
189154,159,20260508
18297,257,20260508
46530,285,20260508
270513,130,20260508
24693,111,20260508
64431,137,20260508
400911,141,20260508
5239,149,20260508
131788,236,20260508
7636,103,20260508
1620,122,20260508
245700,160,20260508
1337,165,20260508
768,116,20260508
331573,217,20260508
295134,114,20260508
192345,231,20260508
643,144,20260508
171978,266,20260508
437478,144,20260508
72131,380,20260508
285127,101,20260508
10301,112,20260508
355987,110,20260508
1974,106,20260508
7638,135,20260508
10269,108,20260508
255712,112,20260508
255255,128,20260508
166210,158,20260508
7739,102,20260508
321215,134,20260508
360740,107,20260508
341402,197,20260508
254135,120,20260508
204576,154,20260508
282530,121,20260508
145928,888,20260508
295254,118,20260508
379350,113,20260508
178349,123,20260508
381825,162,20260508
2194,226,20260508
34696,326,20260508
23329,320,20260508
296514,226,20260508
1635,110,20260508
18881,116,20260508
2240,480,20260508
17450,356,20260508
23848,322,20260508
267506,114,20260508
1578,303,20260508
280282,189,20260508
43023,120,20260508
70767,119,20260508
42057,100,20260508
329293,173,20260508
2405,108,20260508
31586,162,20260508
423803,100,20260508
180650,239,20260508
239847,101,20260508
150049,117,20260508
131387,114,20260508
148730,101,20260508
11632,101,20260508
358079,153,20260508
334695,106,20260508
140865,900,20260508
176960,197,20260508
119265,316,20260508
298397,146,20260508
337391,249,20260508
286549,109,20260508
34444,240,20260508
129309,117,20260508
9200,249,20260508
274205,156,20260508
754,202,20260508
3138,285,20260508
311191,114,20260508
115976,196,20260508
313802,161,20260508
2510,143,20260508
341192,129,20260508
199882,105,20260508
414639,128,20260508
425798,104,20260508
192924,241,20260508
363252,267,20260508
150605,336,20260508
3472,104,20260508
3627,260,20260508
347302,117,20260508
5668,606,20260508
142451,549,20260508
3568,139,20260508
178030,197,20260508
195515,105,20260508
140796,679,20260508
423050,100,20260508
5491,159,20260508
451297,120,20260508
214879,113,20260508
192762,106,20260508
296363,160,20260508
37345,213,20260508
257204,115,20260508
7609,100,20260508
187785,168,20260508
2902,117,20260508
428024,132,20260508
1066,150,20260508
284987,118,20260508
606,292,20260508
17075,365,20260508
204466,416,20260508
23258,205,20260508
123370,711,20260508
108341,147,20260508
126443,581,20260508
203710,118,20260508
162480,141,20260508
3162,128,20260508
368296,106,20260508
7475,504,20260508
299074,124,20260508
6993,129,20260508
15110,405,20260508
351651,112,20260508
2138,112,20260508
27363,230,20260508
3590,113,20260508
376479,158,20260508
220672,216,20260508
142903,140,20260508
4141,184,20260508
194234,110,20260508
266102,105,20260508
4359,139,20260508
275817,145,20260508
6732,131,20260508
207347,104,20260508
392825,131,20260508
33196,414,20260508
182064,263,20260508
4375,303,20260508
347568,107,20260508
129735,314,20260508
367421,122,20260508
320069,122,20260508
441764,186,20260508
147563,119,20260508
243964,242,20260508
194229,142,20260508
340744,133,20260508
180644,121,20260508
99976,105,20260508
31547,198,20260508
4671,225,20260508
23375,175,20260508
184800,104,20260508
93563,254,20260508
161290,137,20260508
124548,367,20260508
11730,162,20260508
25453,204,20260508
3063,147,20260508
426230,165,20260508
438465,147,20260508
99770,301,20260508
17816,769,20260508
117707,162,20260508
138016,200,20260508
4031,377,20260508
244203,190,20260508
20829,131,20260508
192346,171,20260508
159011,174,20260508
283790,146,20260508
25,334,20260508
233783,122,20260508
6813,102,20260508
173074,446,20260508
170344,270,20260508
244909,159,20260508
143323,179,20260508
4500,114,20260508
272595,138,20260508
2025,1972,20260508
40800,214,20260508
104780,200,20260508
421283,100,20260508
43136,204,20260508
35305,116,20260508
446637,193,20260508
231644,166,20260508
1243,184,20260508
16369,206,20260508
5488,108,20260508
4178,101,20260508
25617,150,20260508
129307,147,20260508
188908,148,20260508
35003,103,20260508
358263,137,20260508
375659,170,20260508
178,227,20260508
99698,125,20260508
2285,317,20260508
9685,140,20260508
285,284,20260508
381587,123,20260508
14781,153,20260508
238329,143,20260508
179794,298,20260508
181244,162,20260508
255272,108,20260508
10262,109,20260508
6909,102,20260508
174552,130,20260508
15712,509,20260508
10096,104,20260508
283850,121,20260508
6041,122,20260508
5990,124,20260508
5656,189,20260508
209344,126,20260508
315021,250,20260508
2546,319,20260508
36661,154,20260508
702,235,20260508
327549,131,20260508
18963,528,20260508
221661,137,20260508
129310,100,20260508
281663,181,20260508
152471,122,20260508
293981,237,20260508
230731,189,20260508
260704,158,20260508
3594,172,20260508
118561,105,20260508
344039,149,20260508
218824,478,20260508
229244,140,20260508
38187,244,20260508
159633,108,20260508
308354,123,20260508
172382,104,20260508
420120,123,20260508
33156,149,20260508
271774,298,20260508
151224,128,20260508
13676,252,20260508
189890,329,20260508
168752,178,20260508
12451,151,20260508
229241,165,20260508
160125,192,20260508
2986,126,20260508
3936,218,20260508
2095,129,20260508
5953,201,20260508
220258,103,20260508
41149,170,20260508
312535,166,20260508
18266,205,20260508
4853,962,20260508
234451,137,20260508
4816,540,20260508
254759,103,20260508
131321,101,20260508
300076,159,20260508
24230,130,20260508
262479,141,20260508
164808,102,20260508
679,199,20260508
342097,100,20260508
167,171,20260508
259551,150,20260508
264326,107,20260508
398044,165,20260508
125368,499,20260508
1699,118,20260508
193193,261,20260508
5541,123,20260508
337760,129,20260508
360032,134,20260508
264656,103,20260508
97655,295,20260508
55315,255,20260508
287038,117,20260508
27624,166,20260508
181955,170,20260508
1716,249,20260508
79,128,20260508
262141,101,20260508
300757,189,20260508
151684,164,20260508
137498,102,20260508
154633,810,20260508
31926,124,20260508
4960,104,20260508
292507,157,20260508
382217,118,20260508
122701,194,20260508
220707,111,20260508
4276,115,20260508
218465,213,20260508
336597,111,20260508
1924,228,20260508
246534,158,20260508
246508,120,20260508
477,126,20260508
224986,266,20260508
94116,117,20260508
125675,867,20260508
360175,335,20260508
5383,183,20260508
39704,110,20260508
312372,125,20260508
1792,107,20260508
1269,9954,20260508
293728,125,20260508
2736,105,20260508
38886,112,20260508
256940,164,20260508
174252,106,20260508
6405,147,20260508
143674,107,20260508
147009,243,20260508
148381,347,20260508
288933,152,20260508
203845,100,20260508
1598,127,20260508
410,147,20260508
232242,145,20260508
419294,103,20260508
271036,170,20260508
256391,100,20260508
2215,194,20260508
202204,183,20260508
421630,173,20260508
232827,148,20260508
2080,268,20260508
179929,169,20260508
181574,174,20260508
454,144,20260508
93733,150,20260508
149296,225,20260508
97093,270,20260508
40962,214,20260508
5467,206,20260508
414546,101,20260508
358026,147,20260508
7033,107,20260508
417542,130,20260508
99120,1155,20260508
186435,183,20260508
265118,210,20260508
23284,117,20260508
446181,145,20260508
67910,316,20260508
257841,122,20260508
252314,327,20260508
247643,114,20260508
415808,156,20260508
327062,201,20260508
272767,114,20260508
209716,106,20260508
32469,184,20260508
247034,203,20260508
154982,199,20260508
1477,123,20260508
26047,275,20260508
260922,145,20260508
323,197,20260508
8626,119,20260508
150485,1042,20260508
5086,530,20260508
29126,151,20260508
267414,143,20260508
351716,100,20260508
239682,147,20260508
108832,169,20260508
156443,174,20260508
271645,118,20260508
394134,136,20260508
353719,106,20260508
6038,111,20260508
6978,243,20260508
12538,565,20260508
274445,134,20260508
1940,168,20260508
243780,128,20260508
8307,167,20260508
41585,204,20260508
169102,154,20260508
36659,177,20260508
165633,169,20260508
216224,221,20260508
41123,270,20260508
131933,118,20260508
37931,377,20260508
77076,275,20260508
40251,484,20260508
180938,251,20260508
198328,374,20260508
122327,228,20260508
366910,170,20260508
136086,143,20260508
31336,115,20260508
207,187,20260508
314017,112,20260508
291563,189,20260508
93472,242,20260508
141734,182,20260508
144416,123,20260508
6826,100,20260508
2773,270,20260508
4328,270,20260508
73655,146,20260508
205346,149,20260508
359398,108,20260508
1246,140,20260508
26233,112,20260508
428319,138,20260508
55842,126,20260508
469,153,20260508
9161,155,20260508
186954,174,20260508
41054,255,20260508
382016,142,20260508
11002,182,20260508
116860,158,20260508
11646,105,20260508
276107,159,20260508
5483,102,20260508
258287,112,20260508
256831,170,20260508
180295,122,20260508
108080,103,20260508
7377,113,20260508
4802,115,20260508
280979,135,20260508
114871,505,20260508
31803,165,20260508
326727,109,20260508
50862,241,20260508
193436,143,20260508
3102,124,20260508
5475,178,20260508
338902,190,20260508
77034,291,20260508
243599,123,20260508
4842,150,20260508
241488,147,20260508
187959,192,20260508
340831,136,20260508
300088,165,20260508
408658,458,20260508
1367,112,20260508
417317,133,20260508
5001,145,20260508
422437,154,20260508
161109,126,20260508
156722,117,20260508
2706,126,20260508
428317,295,20260508
274230,165,20260508
414572,102,20260508
107649,153,20260508
264318,104,20260508
346625,133,20260508
39095,202,20260508
368045,110,20260508
181476,172,20260508
341934,120,20260508
169795,206,20260508
3670,128,20260508
156062,190,20260508
274152,115,20260508
266756,122,20260508
226616,111,20260508
382054,259,20260508
272598,102,20260508
1594,167,20260508
148209,132,20260508
311209,124,20260508
157406,163,20260508
17235,202,20260508
302057,110,20260508
5637,165,20260508
140682,135,20260508
8362,107,20260508
2047,487,20260508
39020,161,20260508
1586,368,20260508
220276,170,20260508
7993,134,20260508
341700,202,20260508
401185,109,20260508
33048,123,20260508
379553,186,20260508
5258,607,20260508
300023,221,20260508
9782,162,20260508
202652,110,20260508
130600,225,20260508
379186,128,20260508
318083,127,20260508
218,291,20260508
8727,124,20260508
235513,102,20260508
176458,173,20260508
3932,121,20260508
264242,121,20260508
23387,115,20260508
241731,166,20260508
647,109,20260508
304434,114,20260508
42617,229,20260508
201416,208,20260508
248224,146,20260508
20952,603,20260508
1474,149,20260508
4208,181,20260508
217424,272,20260508
42881,111,20260508
9238,120,20260508
153103,158,20260508
331126,137,20260508
330964,199,20260508
428,245,20260508
348216,118,20260508
133,158,20260508
69105,268,20260508
244702,119,20260508
399094,119,20260508
3054,124,20260508
337755,168,20260508
130008,141,20260508
143509,132,20260508
255640,115,20260508
4084,149,20260508
257313,122,20260508
57139,143,20260508
35665,202,20260508
275188,163,20260508
382800,136,20260508
16415,126,20260508
231960,101,20260508
20906,107,20260508
53723,108,20260508
245446,324,20260508
30287,258,20260508
235927,150,20260508
163601,112,20260508
148282,220,20260508
313649,113,20260508
182259,133,20260508
645,382,20260508
3646,998,20260508
143255,126,20260508
224119,205,20260508
277109,112,20260508
260348,110,20260508
206450,195,20260508
7058,103,20260508
148494,266,20260508
209688,110,20260508
331947,138,20260508
204314,131,20260508
1161,254,20260508
112102,235,20260508
155314,120,20260508
344268,290,20260508
195456,435,20260508
5107,141,20260508
152174,148,20260508
366267,120,20260508
13928,302,20260508
234378,182,20260508
216282,117,20260508
148375,122,20260508
2350,461,20260508
1408,448,20260508
180598,117,20260508
131060,158,20260508
1101,375,20260508
142645,133,20260508
299928,184,20260508
79413,148,20260508
173784,269,20260508
163983,163,20260508
3576,144,20260508
131457,133,20260508
241,194,20260508
171351,105,20260508
128927,238,20260508
288254,297,20260508
185344,297,20260508
2666,122,20260508
205072,214,20260508
394893,143,20260508
414082,100,20260508
204281,104,20260508
8666,135,20260508
272889,564,20260508
8196,350,20260508
188196,208,20260508
288583,267,20260508
109657,137,20260508
174013,138,20260508
1991,129,20260508
769,111,20260508
154742,166,20260508
3147,155,20260508
940,180,20260508
290722,141,20260508
244428,154,20260508
3251,202,20260508
15383,190,20260508
142988,189,20260508
120580,435,20260508
142980,123,20260508
363091,107,20260508
82702,291,20260508
163040,155,20260508
417429,108,20260508
33040,802,20260508
160434,319,20260508
182593,102,20260508
1920,372,20260508
35452,113,20260508
130907,183,20260508
260635,154,20260508
283216,136,20260508
369549,130,20260508
256626,120,20260508
140613,556,20260508
207486,104,20260508
205080,250,20260508
416832,215,20260508
360377,171,20260508
113937,109,20260508
22111,524,20260508
327402,108,20260508
13493,229,20260508
219783,119,20260508
151016,211,20260508
313935,149,20260508
195253,135,20260508
8742,115,20260508
250463,283,20260508
186947,289,20260508
432811,111,20260508
178835,325,20260508
300725,144,20260508
284600,141,20260508
3034,306,20260508
25866,106,20260508
234946,153,20260508
349408,117,20260508
146034,120,20260508
429,264,20260508
54541,101,20260508
248439,108,20260508
398772,169,20260508
5777,131,20260508
195179,268,20260508
256233,168,20260508
1760,107,20260508
164775,350,20260508
313536,263,20260508
6862,102,20260508
388539,387,20260508
447191,103,20260508
179560,124,20260508
172543,175,20260508
39699,334,20260508
228713,111,20260508
85340,228,20260508
118953,150,20260508
1697,216,20260508
120814,172,20260508
197067,153,20260508
25344,122,20260508
227162,293,20260508
2180,185,20260508
59061,188,20260508
345925,107,20260508
5694,129,20260508
15548,286,20260508
2235,264,20260508
29146,112,20260508
376486,102,20260508
3843,221,20260508
132532,313,20260508
292394,108,20260508
8671,525,20260508
62343,268,20260508
230570,110,20260508
1907,110,20260508
260307,124,20260508
38499,182,20260508
1288,173,20260508
256334,129,20260508
245090,173,20260508
6009,107,20260508
89575,160,20260508
418146,144,20260508
56410,166,20260508
329710,119,20260508
328861,104,20260508
375712,113,20260508
4252,122,20260508
35311,110,20260508
8179,231,20260508
187488,157,20260508
179918,158,20260508
387,353,20260508
4215,150,20260508
457476,237,20260508
276023,109,20260508
391766,129,20260508
2988,169,20260508
1970,292,20260508
62809,219,20260508
174991,163,20260508
5993,106,20260508
88316,137,20260508
220861,142,20260508
323882,170,20260508
227582,129,20260508
94746,113,20260508
1530,118,20260508
200632,380,20260508
183452,164,20260508
153757,119,20260508
3998,168,20260508
103975,110,20260508
41032,180,20260508
38400,176,20260508
314413,538,20260508
50381,30648,20260508
291183,111,20260508
213491,255,20260508
178335,188,20260508
1815,102,20260508
186,208,20260508
231032,201,20260508
60035,235,20260508
1263,1017,20260508
160517,131,20260508
5900,206,20260508
1698,267,20260508
57368,281,20260508
312594,113,20260508
8833,246,20260508
69316,116,20260508
8707,128,20260508
413,150,20260508
177698,247,20260508
259710,100,20260508
207796,165,20260508
192344,102,20260508
328365,101,20260508
118452,168,20260508
10716,173,20260508
137173,177,20260508
308475,130,20260508
127648,247,20260508
129951,244,20260508
8037,121,20260508
111999,289,20260508
38038,161,20260508
67631,397,20260508
218453,112,20260508
33071,326,20260508
248226,141,20260508
7941,141,20260508
8160,256,20260508
107463,165,20260508
3705,282,20260508
113301,162,20260508
12168,311,20260508
127028,211,20260508
231477,101,20260508
12065,222,20260508
203104,169,20260508
3471,100,20260508
217890,193,20260508
126340,130,20260508
380300,207,20260508
2824,116,20260508
5186,157,20260508
189166,202,20260508
51197,114,20260508
235899,193,20260508
302316,113,20260508
220478,157,20260508
298705,109,20260508
425,148,20260508
201307,184,20260508
264157,107,20260508
35306,141,20260508
139,231,20260508
1289,466,20260508
371071,176,20260508
278359,278,20260508
504,167,20260508
85243,417,20260508
448488,135,20260508
33225,104,20260508
1177,228,20260508
209190,156,20260508
257273,224,20260508
306650,140,20260508
419045,136,20260508
8986,153,20260508
1305,161,20260508
24118,183,20260508
192623,185,20260508
282081,219,20260508
29281,217,20260508
414171,104,20260508
295159,105,20260508
31454,101,20260508
196122,175,20260508
222885,139,20260508
72242,135,20260508
1593,469,20260508
428457,310,20260508
150138,169,20260508
130556,135,20260508
254923,224,20260508
3157,180,20260508
3100,116,20260508
40843,283,20260508
1218,982,20260508
125854,392,20260508
329613,315,20260508
172325,122,20260508
424991,141,20260508
246315,159,20260508
3513,111,20260508
261355,162,20260508
145766,126,20260508
20120,150,20260508
214213,108,20260508
60464,146,20260508
396695,172,20260508
181906,125,20260508
6509,128,20260508
20543,230,20260508
11930,116,20260508
17119,226,20260508
176013,170,20260508
351937,118,20260508
344438,130,20260508
6503,127,20260508
138973,180,20260508
220541,122,20260508
561,120,20260508
1434,316,20260508
3925,114,20260508
489,108,20260508
644,427,20260508
41019,396,20260508
302911,140,20260508
388721,100,20260508
23954,106,20260508
256380,106,20260508
27948,302,20260508
337754,169,20260508
189628,128,20260508
313100,105,20260508
163481,127,20260508
81698,100,20260508
178958,168,20260508
111866,191,20260508
1663,335,20260508
2809,124,20260508
8508,357,20260508
3727,695,20260508
211533,655,20260508
293878,226,20260508
225727,121,20260508
148586,163,20260508
26114,140,20260508
354211,128,20260508
206802,249,20260508
235467,186,20260508
208670,148,20260508
6215,144,20260508
445,250,20260508
219622,106,20260508
186695,121,20260508
244327,126,20260508
267832,102,20260508
37683,176,20260508
1687,222,20260508
20130,134,20260508
31711,100,20260508
204201,109,20260508
8424,108,20260508
282278,109,20260508
5522,168,20260508
236827,138,20260508
420686,109,20260508
2189,130,20260508
177641,115,20260508
345622,125,20260508
402635,102,20260508
573,102,20260508
182214,135,20260508
419705,221,20260508
55031,120,20260508
182194,332,20260508
2049,162,20260508
421149,102,20260508
12263,171,20260508
708,102,20260508
381,108,20260508
367243,149,20260508
33984,137,20260508
8643,100,20260508
235760,103,20260508
340118,114,20260508
169675,353,20260508
298143,103,20260508
5271,204,20260508
57037,171,20260508
359644,101,20260508
427006,110,20260508
208023,127,20260508
133524,105,20260508
8056,119,20260508
125061,167,20260508
241492,189,20260508
2146,282,20260508
9473,187,20260508
364760,300,20260508
12920,264,20260508
175634,247,20260508
253763,193,20260508
123406,193,20260508
287586,112,20260508
430,174,20260508
302022,116,20260508
4317,170,20260508
426692,102,20260508
464056,143,20260510
228603,143,20260508
212969,109,20260508
157487,101,20260508
1869,199,20260508
385632,103,20260508
22399,121,20260508
423802,100,20260508
161773,183,20260508
133620,112,20260508
343898,117,20260508
32466,204,20260508
368837,216,20260508
2296,935,20260508
226354,116,20260508
20081,156,20260508
2205,229,20260508
275100,185,20260508
137789,172,20260508
117992,310,20260508
2812,247,20260508
166019,186,20260508
378916,160,20260508
4784,154,20260508
89912,183,20260508
156023,126,20260508
225908,136,20260508
218769,174,20260508
400058,131,20260508
368031,124,20260508
65590,190,20260508
157135,152,20260508
134559,240,20260508
370230,133,20260508
95364,155,20260508
153839,166,20260508
255020,226,20260508
294231,113,20260508
2710,153,20260508
203421,128,20260508
410718,169,20260508
190577,116,20260508
184664,119,20260508
27626,135,20260508
7838,152,20260508
20445,136,20260508
130223,129,20260508
18246,120,20260508
397459,116,20260508
275086,108,20260508
13375,447,20260508
19651,218,20260508
193122,341,20260508
193161,152,20260508
4764,133,20260508
3064,113,20260508
299028,178,20260508
223322,123,20260508
22477,138,20260508
22721,240,20260508
10140,318,20260508
42195,181,20260508
141430,1017,20260508
23241,398,20260508
24658,246,20260508
571,101,20260508
180674,111,20260508
148074,115,20260508
441731,173,20260508
22233,102,20260508
254743,105,20260508
8110,105,20260508
440029,135,20260508
248385,123,20260508
139236,101,20260508
243697,114,20260508
106174,142,20260508
161849,178,20260508
338747,140,20260508
18127,369,20260508
418855,153,20260508
266071,102,20260508
7967,524,20260508
3561,114,20260508
260238,157,20260508
191432,155,20260508
418388,102,20260508
32465,112,20260508
40446,103,20260508
312744,205,20260508
3309,196,20260508
23550,207,20260508
178939,214,20260508
21286,163,20260508
690,107,20260508
252530,105,20260508
238972,148,20260508
3615,104,20260508
39914,253,20260508
277903,120,20260508
40773,206,20260508
8913,103,20260508
1252,180,20260508
235867,130,20260508
319921,175,20260508
260931,101,20260508
11983,196,20260508
153292,124,20260508
90004,124,20260508
422693,171,20260508
126076,178,20260508
179606,116,20260508
128662,137,20260508
248673,117,20260508
17132,122,20260508
300400,122,20260508
300090,133,20260508
4327,380,20260508
170555,113,20260508
197321,112,20260508
7861,118,20260508
32820,111,20260508
244305,180,20260508
32143,233,20260508
396,126,20260508
125605,202,20260508
2743,112,20260508
56342,397,20260508
21293,822,20260508
296044,501,20260508
274296,122,20260508
191687,114,20260508
14441,261,20260508
2409,304,20260508
336323,141,20260508
177482,230,20260508
3806,232,20260508
1244,152,20260508
212883,109,20260508
143701,156,20260508
102940,278,20260508
15267,175,20260508
449298,106,20260508
19329,175,20260508
257633,101,20260508
41247,246,20260508
4172,176,20260508
265286,108,20260508
3404,437,20260508
5172,108,20260508
215469,373,20260508
6919,114,20260508
259945,105,20260508
8322,114,20260508
24999,128,20260508
25190,124,20260508
660,115,20260508
296498,110,20260508
121995,161,20260508
235427,122,20260508
118330,139,20260508
27,1407,20260508
255697,157,20260508
67038,290,20260508
286738,112,20260508
304490,128,20260508
6653,411,20260508
315624,186,20260508
13341,102,20260508
11412,232,20260508
2307,241,20260508
341401,158,20260508
8079,144,20260508
408320,136,20260508
183405,125,20260508
142691,136,20260508
66643,198,20260508
173003,197,20260508
23912,166,20260508
258512,147,20260508
205506,120,20260508
4413,120,20260508
28258,1049,20260508
39070,114,20260508
117549,131,20260508
22673,274,20260508
34376,121,20260508
375923,142,20260508
2721,138,20260508
121076,125,20260508
171779,123,20260508
1516,245,20260508
7184,117,20260508
144,111,20260508
172465,175,20260508
392197,159,20260508
350759,271,20260508
160396,302,20260508
287189,142,20260508
5177,291,20260508
138484,102,20260508
378616,111,20260508
979,222,20260508
316625,121,20260508
182681,130,20260508
99777,181,20260508
108155,113,20260508
24845,134,20260508
224478,168,20260508
260322,131,20260508
200371,136,20260508
359895,262,20260508
165812,110,20260508
22476,108,20260508
446149,105,20260508
1721,151,20260508
8818,175,20260508
91653,142,20260508
23908,314,20260508
158316,150,20260508
803,274,20260508
21798,315,20260508
363357,162,20260508
129308,101,20260508
25569,110,20260508
192203,106,20260508
235865,104,20260508
27970,487,20260508
5575,139,20260508
182487,221,20260508
3405,206,20260508
253862,112,20260508
25233,194,20260508
437939,101,20260508
7943,123,20260508
34255,219,20260508
204504,282,20260508
205039,165,20260508
104063,245,20260508
10267,108,20260508
1341,121,20260508
209542,154,20260508
68227,353,20260508
177844,435,20260508
367619,141,20260508
274688,142,20260508
38355,260,20260508
3658,245,20260508
307379,180,20260508
14010,119,20260508
166931,134,20260508
210065,262,20260508
3616,154,20260508
194301,110,20260508
218459,149,20260508
354897,101,20260508
19766,104,20260508
45020,113,20260508
163482,120,20260508
155020,124,20260508
4217,112,20260508
2751,100,20260508
42361,116,20260508
89478,139,20260508
104376,204,20260508
1628,304,20260508
21572,195,20260508
18876,118,20260508
449996,111,20260508
93594,292,20260508
24483,117,20260508
8804,810,20260508
10756,538,20260508
7181,107,20260508
9794,305,20260508
27884,159,20260508
1314,239,20260508
2061,221,20260508
235328,204,20260508
251198,133,20260508
101930,516,20260508
271447,125,20260508
342801,112,20260508
251854,107,20260508
445474,109,20260508
215614,327,20260508
58565,191,20260508
258206,125,20260508
270237,110,20260508
88147,116,20260508
141089,109,20260508
38,105,20260508
224060,127,20260508
82976,102,20260508
2201,328,20260508
434131,128,20260508
264843,129,20260508
351855,117,20260508
140857,333,20260508
1816,170,20260508
21506,304,20260508
259829,129,20260508
130723,147,20260508
137811,490,20260508
232300,184,20260508
209383,111,20260508
197893,197,20260508
7694,102,20260508
75668,106,20260508
183402,116,20260508
8326,193,20260508
187515,342,20260508
256792,430,20260508
1916,311,20260508
7336,911,20260508
144587,163,20260508
18835,163,20260508
9194,100,20260508
906,162,20260508
387564,138,20260508
195476,108,20260508
2781,441,20260508
10065,108,20260508
312968,133,20260508
34185,160,20260508
319295,120,20260508
128352,189,20260508
174696,135,20260508
956,151,20260508
4427,233,20260508
256640,351,20260508
130725,169,20260508
257766,246,20260508
2483,141,20260508
27830,185,20260508
3182,252,20260508
122599,641,20260508
612,168,20260508
252712,146,20260508
230316,124,20260508
132452,164,20260508
253074,146,20260508
84671,147,20260508
172312,115,20260508
300094,101,20260508
239082,105,20260508
2668,149,20260508
433338,108,20260508
256151,107,20260508
352821,102,20260508
4967,112,20260508
298017,197,20260508
3337,856,20260508
67022,123,20260508
28843,193,20260508
199530,112,20260508
218556,217,20260508
421934,104,20260508
68083,256,20260508
293875,241,20260508
209578,123,20260508
20053,106,20260508
228882,101,20260508
18265,364,20260508
204461,111,20260508
273433,144,20260508
39798,315,20260508
341009,245,20260508
312726,164,20260508
1390,125,20260508
224011,155,20260508
298477,563,20260508
20031,165,20260508
173389,220,20260508
267036,100,20260508
179386,162,20260508
66507,275,20260508
257411,144,20260508
19591,318,20260508
1082,119,20260508
4352,225,20260508
1875,259,20260508
569,198,20260508
82572,111,20260508
40619,100,20260508
40602,122,20260508
30879,136,20260508
367027,125,20260508
200096,103,20260508
99308,196,20260508
199690,117,20260508
254399,121,20260508
285529,109,20260508
367568,134,20260508
165090,129,20260508
93879,144,20260508
233994,209,20260508
233149,654,20260508
383981,128,20260508
8329,142,20260508
269145,123,20260508
176433,135,20260508
306074,105,20260508
8101,149,20260508
1402,187,20260508
197865,163,20260508
28565,113,20260508
22061,178,20260508
3954,239,20260508
20966,256,20260508
135557,171,20260508
172837,240,20260508
26211,140,20260508
209850,147,20260508
158093,158,20260508
376573,118,20260508
1627,279,20260508
128855,167,20260508
4962,304,20260508
94338,102,20260508
260335,193,20260508
146188,230,20260508
129971,131,20260508
1378,244,20260508
80934,134,20260508
64955,130,20260508
151369,154,20260508
31971,636,20260508
191135,119,20260508
2531,117,20260508
227265,114,20260508
360214,107,20260508
54073,102,20260508
8909,167,20260508
251697,145,20260508
983,452,20260508
178051,249,20260508
39324,321,20260508
18880,146,20260508
6837,232,20260508
253766,126,20260508
4892,217,20260508
311541,102,20260508
34943,191,20260508
6187,384,20260508
145381,126,20260508
269440,105,20260508
11160,119,20260508
56022,115,20260508
218943,102,20260508
96342,123,20260508
401409,123,20260508
396042,104,20260508
175224,268,20260508
232800,182,20260508
445142,110,20260508
46369,104,20260508
169743,308,20260508
3485,173,20260508
8243,655,20260508
180006,101,20260508
143843,105,20260508
172597,109,20260508
7067,165,20260508
142638,156,20260508
340646,117,20260508
252684,160,20260508
3560,144,20260508
7641,200,20260508
91512,131,20260508
92177,129,20260508
117555,393,20260508
95449,149,20260508
2096,148,20260508
1470,235,20260508
2214,165,20260508
165797,174,20260508
28102,160,20260508
249039,323,20260508
63829,167,20260508
251405,124,20260508
233094,155,20260508
160762,114,20260508
249166,103,20260508
20675,313,20260508
304679,520,20260508
86538,102,20260508
5590,137,20260508
4196,129,20260508
165041,126,20260508
180943,153,20260508
533,1685,20260508
25937,146,20260508
208663,183,20260508
27071,169,20260508
130004,200,20260508
313945,100,20260508
151972,123,20260508
9084,144,20260508
321711,103,20260508
3762,205,20260508
2716,123,20260508
23654,121,20260508
252197,418,20260508
40238,140,20260508
272522,102,20260508
137968,133,20260508
248196,102,20260508
3921,448,20260508
379977,121,20260508
1146,432,20260508
292013,126,20260508
1304,240,20260508
162614,138,20260508
790,106,20260508
274049,269,20260508
66695,143,20260508
235628,237,20260508
40819,137,20260508
39219,141,20260508
141829,235,20260508
1028,127,20260508
66888,146,20260508
7708,1445,20260508
4107,125,20260508
9509,132,20260508
6250,252,20260508
344685,257,20260508
11084,190,20260508
10946,148,20260508
39084,134,20260508
6118,188,20260508
1701,389,20260508
148424,185,20260508
154890,104,20260508
122399,148,20260508
391255,199,20260508
236365,213,20260508
251622,337,20260508
200396,106,20260508
145578,328,20260508
2895,292,20260508
206938,121,20260508
226457,127,20260508
209734,154,20260508
2600,181,20260508
4815,199,20260508
35122,292,20260508
345633,102,20260508
182581,139,20260508
184247,121,20260508
140468,143,20260508
30951,132,20260508
190915,105,20260508
90142,105,20260508
10634,102,20260508
361208,128,20260508
2836,124,20260508
217012,122,20260508
6529,103,20260508
197944,127,20260508
436400,222,20260508
1832,302,20260508
127589,532,20260508
60342,125,20260508
136954,123,20260508
17209,334,20260508
300146,117,20260508
10472,152,20260508
88931,111,20260508
23707,104,20260508
150599,247,20260508
311829,114,20260508
330593,103,20260508
392491,104,20260508
168544,208,20260508
34419,146,20260508
2119,267,20260508
102792,253,20260508
344958,137,20260508
10878,142,20260508
130912,702,20260508
5755,170,20260508
479,136,20260508
65521,177,20260508
17855,813,20260508
120886,135,20260508
423533,107,20260508
251987,145,20260508
2922,1124,20260508
12280,101,20260508
194438,100,20260508
277003,104,20260508
193301,154,20260508
3979,100,20260508
6742,120,20260508
172599,112,20260508
392461,117,20260508
418036,135,20260508
13654,209,20260508
246685,108,20260508
251538,303,20260508
6086,108,20260508
25749,135,20260508
258818,128,20260508
2436,109,20260508
200646,184,20260508
247029,112,20260508
7470,112,20260508
5733,106,20260508
163099,108,20260508
173666,136,20260508
270501,205,20260508
4794,124,20260508
154904,238,20260508
133713,158,20260508
20090,230,20260508
8394,108,20260508
39080,233,20260508
173336,150,20260508
2161,113,20260508
359499,114,20260508
22733,335,20260508
2680,453,20260508
261370,107,20260508
362,216,20260508
3265,108,20260508
27789,260,20260508
125608,169,20260508
10802,248,20260508
7650,104,20260508
5447,355,20260508
219348,107,20260508
9048,301,20260508
141437,132,20260508
9801,190,20260508
25944,105,20260508
190264,114,20260508
29288,125,20260508
287198,187,20260508
2003,305,20260508
171548,149,20260508
4780,212,20260508
35376,202,20260508
16727,110,20260508
299803,103,20260508
340816,280,20260508
92876,146,20260508
177921,179,20260508
2369,104,20260508
123162,104,20260508
1691,188,20260508
296353,100,20260508
184917,251,20260508
1130,108,20260508
153120,181,20260508
344877,115,20260508
176247,220,20260508
260,215,20260508
191681,129,20260508
1235,237,20260508
2843,447,20260508
17807,152,20260508
27687,100,20260508
6583,280,20260508
5346,102,20260508
1570,203,20260508
91831,103,20260508
257924,120,20260508
4021,131,20260508
2362,183,20260508
183839,105,20260508
56685,113,20260508
250718,104,20260508
222741,125,20260508
191049,308,20260508
200729,154,20260508
260212,115,20260508
283820,131,20260508
286544,104,20260508
420443,182,20260508
254613,121,20260508
154515,141,20260508
65087,120,20260508
25069,186,20260508
284684,113,20260508
361065,164,20260508
2092,110,20260508
42207,177,20260508
154811,100,20260508
557,156,20260508
289018,678,20260508
423729,187,20260508
2763,251,20260508
24927,160,20260508
47130,171,20260508
66825,155,20260508
223286,103,20260508
122271,160,20260508
173770,168,20260508
398331,152,20260508
109077,122,20260508
88113,132,20260508
349491,118,20260508
226085,115,20260508
42336,207,20260508
6982,264,20260508
446,273,20260508
32337,110,20260508
33624,201,20260508
388,272,20260508
8571,112,20260508
199382,146,20260508
118950,129,20260508
5725,166,20260508
311020,136,20260508
40958,249,20260508
13498,113,20260508
38866,116,20260508
248421,172,20260508
2567,285,20260508
1140,130,20260508
386831,126,20260508
434683,355,20260508
6748,343,20260508
41757,154,20260508
42685,163,20260508
275214,141,20260508
327797,496,20260508
109215,247,20260508
107173,217,20260508
123587,200,20260508
307715,123,20260508
447244,226,20260508
130685,136,20260508
39245,112,20260508
171665,158,20260508
2284,107,20260508
1987,118,20260508
17735,112,20260508
411881,147,20260508
7106,100,20260508
118051,109,20260508
28609,651,20260508
19732,184,20260508
155700,147,20260508
22244,202,20260508
275061,201,20260508
2127,501,20260508
1877,421,20260508
1331,198,20260508
158968,114,20260508
28121,134,20260508
234920,115,20260508
183459,103,20260508
6725,125,20260508
88402,475,20260508
17448,178,20260508
1833,257,20260508
9787,429,20260508
32885,137,20260508
146290,107,20260508
34843,197,20260508
2310,199,20260508
95607,229,20260508
35556,313,20260508
21342,182,20260508
177927,154,20260508
136238,105,20260508
174049,117,20260508
15721,250,20260508
3081,144,20260508
166710,100,20260508
33581,450,20260508
933,147,20260508
175516,126,20260508
365211,158,20260508
4036,112,20260508
124290,212,20260508
68340,198,20260508
3276,130,20260508
381881,106,20260508
211128,311,20260508
33801,158,20260508
228,2644,20260508
1110,176,20260508
28817,117,20260508
170381,330,20260508
69761,104,20260508
3815,133,20260508
11060,118,20260508
103843,129,20260508
141337,111,20260508
392154,121,20260508
7803,497,20260508
96188,824,20260508
323118,100,20260508
10998,147,20260508
256214,179,20260508
34744,170,20260508
7378,147,20260508
194640,103,20260508
16632,109,20260508
38924,156,20260508
457,140,20260508
130764,177,20260508
197641,140,20260508
37983,286,20260508
124881,197,20260508
158243,1768,20260508
2217,182,20260508
39872,333,20260508
114863,150,20260508
18791,126,20260508
130763,155,20260508
76681,138,20260508
431292,224,20260508
70597,112,20260508
115105,2319,20260508
292643,179,20260508
275634,104,20260508
127129,262,20260508
215065,229,20260508
680,372,20260508
22910,125,20260508
69721,106,20260508
23957,158,20260508
21666,173,20260508
18011,118,20260508
39029,163,20260508
8985,110,20260508
33427,354,20260508
178397,245,20260508
419754,122,20260508
145496,119,20260508
139627,172,20260508
1873,210,20260508
79216,109,20260508
247199,129,20260508
276880,126,20260508
5778,122,20260508
4049,107,20260508
367704,130,20260508
138616,146,20260508
283161,114,20260508
179973,141,20260508
69587,226,20260508
68943,139,20260508
89972,118,20260508
194505,131,20260508
6891,138,20260508
2779,182,20260508
356554,177,20260508
370095,143,20260508
20050,107,20260508
13715,148,20260508
170337,103,20260508
5724,137,20260508
192283,178,20260508
2503,124,20260508
31887,125,20260508
218637,142,20260508
11456,116,20260508
333693,102,20260508
167850,107,20260508
358621,240,20260508
20881,225,20260508
1307,180,20260508
111387,115,20260508
657,130,20260508
72622,120,20260508
59602,141,20260508
36790,101,20260508
282483,208,20260508
145027,189,20260508
152767,245,20260508
41496,211,20260508
257073,184,20260508
19735,136,20260508
146094,152,20260508
35207,179,20260508
234834,280,20260508
291,174,20260508
20848,167,20260508
256536,255,20260508
153939,383,20260508
153723,136,20260508
4060,100,20260508
3249,170,20260508
287839,113,20260508
21849,146,20260508
60574,132,20260508
37755,144,20260508
41835,1065,20260508
108679,194,20260508
119193,490,20260508
171663,223,20260508
1297,1600,20260508
172598,202,20260508
1753,148,20260508
282475,135,20260508
2563,137,20260508
418478,135,20260508
1210,394,20260508
29736,260,20260508
178154,137,20260508
38287,293,20260508
32346,233,20260508
158267,194,20260508
916,117,20260508
2709,115,20260508
147145,161,20260508
4983,147,20260508
92499,165,20260508
331549,187,20260508
371415,116,20260508
129322,104,20260508
158236,178,20260508
80942,233,20260508
380550,104,20260508
256480,107,20260508
6979,296,20260508
3528,111,20260508
23521,225,20260508
260563,108,20260508
79312,334,20260508
649,122,20260508
120781,140,20260508
14102,339,20260508
38334,191,20260508
5704,338,20260508
42493,117,20260508
157838,137,20260508
266744,104,20260508
149332,122,20260508
283259,102,20260508
253568,119,20260508
225481,106,20260508
344332,271,20260508
185302,158,20260508
190104,101,20260508
8331,155,20260508
403209,169,20260508
184460,254,20260508
160614,128,20260508
192984,250,20260508
425226,136,20260508
219502,133,20260508
11790,110,20260508
256967,131,20260508
433285,114,20260508
260334,231,20260508
12672,105,20260508
134279,102,20260508
1580,187,20260508
2372,245,20260508
14137,167,20260508
3247,127,20260508
80833,117,20260508
3947,383,20260508
349,295,20260508
408769,222,20260508
161429,100,20260508
269564,132,20260508
180,145,20260508
103236,116,20260508
153724,314,20260508
510,225,20260508
26033,104,20260508
56406,185,20260508
1468,113,20260508
209014,155,20260508
223222,179,20260508
856,131,20260508
1310,109,20260508
292,170,20260508
82397,306,20260508
19351,100,20260508
1012,186,20260508
1504,143,20260508
1346,153,20260508
35546,126,20260508
162654,148,20260508
224662,125,20260508
519,117,20260508
2149,180,20260508
57052,697,20260508
98046,200,20260508
325628,345,20260508
216301,121,20260508
176887,116,20260508
33208,100,20260508
107604,110,20260508
3159,137,20260508
7307,263,20260508
302463,107,20260508
160608,288,20260508
26080,135,20260508
25772,120,20260508
7464,188,20260508
16355,166,20260508
341546,185,20260508
1719,200,20260508
38390,133,20260508
106631,191,20260508
1571,292,20260508
30370,184,20260508
32253,264,20260508
94123,121,20260508
245240,213,20260508
505,120,20260508
1004,118,20260508
214970,107,20260508
7182,221,20260508
178038,219,20260508
24280,101,20260508
5437,108,20260508
134618,243,20260508
35254,119,20260508
156836,176,20260508
22266,336,20260508
55828,110,20260508
26353,108,20260508
3370,204,20260508
36554,154,20260508
31935,164,20260508
35763,182,20260508
80869,158,20260508
6938,128,20260508
156453,133,20260508
3099,355,20260508
70912,104,20260508
286632,176,20260508
29676,246,20260508
1953,125,20260508
2040,171,20260508
440149,108,20260508
34948,139,20260508
3677,128,20260508
89898,206,20260508
207351,109,20260508
180238,151,20260508
67034,139,20260508
6460,246,20260508
6578,161,20260508
64656,118,20260508
32047,158,20260508
26124,178,20260508
2597,179,20260508
60158,111,20260508
256526,110,20260508
90375,112,20260508
3457,102,20260508
164670,106,20260508
5757,301,20260508
32688,278,20260508
204141,124,20260508
200871,131,20260508
1173,124,20260508
5135,465,20260508
9211,418,20260508
175742,160,20260508
47408,121,20260508
57458,125,20260508
6566,350,20260508
18580,236,20260508
256502,108,20260508
127646,158,20260508
20953,205,20260508
173253,102,20260508
245376,115,20260508
112445,200,20260508
154681,101,20260508
378271,217,20260508
254632,165,20260508
155440,151,20260508
11446,164,20260508
22392,309,20260508
247324,394,20260508
323377,326,20260508
12963,283,20260508
341426,215,20260508
133637,318,20260508
1348,182,20260508
37612,428,20260508
29415,108,20260508
358666,122,20260508
126471,139,20260508
225569,229,20260508
5862,117,20260508
7712,111,20260508
5779,186,20260508
117908,142,20260508
25204,131,20260508
43168,194,20260508
2833,411,20260508
31274,312,20260508
190073,113,20260508
314893,105,20260508
172932,149,20260508
127436,292,20260508
271762,115,20260508
179930,201,20260508
107464,299,20260508
1622,129,20260508
153830,102,20260508
218235,140,20260508
182799,109,20260508
633,1233,20260508
3725,286,20260508
122867,137,20260508
231302,379,20260508
486,248,20260508
176651,136,20260508
1132,188,20260508
40961,152,20260508
96672,136,20260508
165587,112,20260508
19399,260,20260508
24083,146,20260508
188793,151,20260508
2989,141,20260508
28238,279,20260508
2098,111,20260508
201305,216,20260508
98960,262,20260508
244691,288,20260508
5589,177,20260508
7256,214,20260508
3793,102,20260508
2176,109,20260508
67695,158,20260508
16110,172,20260508
85338,134,20260508
330555,103,20260508
180208,125,20260508
6698,155,20260508
175867,132,20260508
8122,132,20260508
8652,189,20260508
313454,181,20260508
358153,106,20260508
168654,106,20260508
359961,310,20260508
5897,124,20260508
2599,102,20260508
1460,212,20260508
4123,331,20260508
360696,103,20260508
3155,169,20260508
2725,173,20260508
311751,101,20260508
118001,109,20260508
99791,220,20260508
19671,164,20260508
172559,162,20260508
56197,115,20260508
132188,197,20260508
93678,106,20260508
91394,144,20260508
37732,180,20260508
285892,184,20260508
194088,147,20260508
208316,122,20260508
15163,185,20260508
163031,103,20260508
32682,173,20260508
4580,117,20260508
8134,104,20260508
282525,147,20260508
3294,446,20260508
83199,139,20260508
369434,173,20260508
43927,163,20260508
247394,166,20260508
21634,108,20260508
270635,178,20260508
246757,147,20260508
9560,355,20260508
4789,424,20260508
128219,159,20260508
13436,289,20260508
114228,101,20260508
1171,109,20260508
192909,127,20260508
69582,367,20260508
116978,159,20260508
58707,114,20260508
234052,106,20260508
271043,527,20260508
152359,139,20260508
34221,151,20260508
2001,1104,20260508
125609,288,20260508
304,371,20260508
3664,149,20260508
55222,199,20260508
193029,119,20260508
154778,237,20260508
965,287,20260508
142584,203,20260508
3657,133,20260508
227425,115,20260508
225645,150,20260508
445785,148,20260508
38949,195,20260508
246346,101,20260508
4909,145,20260508
109643,164,20260508
88960,191,20260508
126168,102,20260508
80908,153,20260508
7973,122,20260508
148,138,20260508
18891,137,20260508
829,184,20260508
140179,159,20260508
260329,196,20260508
332317,238,20260508
171475,177,20260508
223597,111,20260508
191906,147,20260508
3005,104,20260508
143520,108,20260508
151640,105,20260508
33024,302,20260508
231,261,20260508
256915,114,20260508
51067,140,20260508
2383,133,20260508
349490,315,20260508
70488,101,20260508
24318,526,20260508
97990,109,20260508
1133,115,20260508
69356,222,20260508
142517,152,20260508
5002,172,20260508
2581,273,20260508
227018,136,20260508
61902,301,20260508
185028,132,20260508
32333,131,20260508
17577,140,20260508
239621,112,20260508
305841,204,20260508
4979,145,20260508
76442,155,20260508
32969,251,20260508
144310,129,20260508
1866,229,20260508
257955,116,20260508
29020,345,20260508
200115,123,20260508
204892,187,20260508
1727,127,20260508
273,142,20260508
5502,152,20260508
22035,142,20260508
3305,179,20260508
86882,179,20260508
4516,135,20260508
3435,113,20260508
42644,131,20260508
25470,153,20260508
119109,135,20260508
8755,146,20260508
2970,296,20260508
25013,127,20260508
245503,130,20260508
2749,418,20260508
848,118,20260508
357984,135,20260508
343056,133,20260508
163242,115,20260508
5707,198,20260508
40416,184,20260508
76447,168,20260508
21219,121,20260508
166532,332,20260508
1960,124,20260508
12453,1091,20260508
172557,340,20260508
4281,207,20260508
204138,264,20260508
225828,182,20260508
4479,266,20260508
181390,490,20260508
249289,162,20260508
229537,132,20260508
38328,122,20260508
524,364,20260508
233206,177,20260508
19877,205,20260508
13767,164,20260508
13357,138,20260508
56759,101,20260508
337932,247,20260508
3360,151,20260508
37686,156,20260508
129988,144,20260508
37,157,20260508
320136,102,20260508
164930,148,20260508
41860,190,20260508
13830,101,20260508
209538,312,20260508
112840,129,20260508
208807,133,20260508
15196,118,20260508
246203,125,20260508
55492,271,20260508
23777,146,20260508
40440,123,20260508
184525,342,20260508
3924,173,20260508
31335,113,20260508
3499,131,20260508
63788,220,20260508
7048,106,20260508
6406,113,20260508
11187,261,20260508
4799,122,20260508
25988,102,20260508
1336,199,20260508
118515,165,20260508
6902,104,20260508
19623,124,20260508
419262,305,20260508
1777,228,20260508
130841,182,20260508
180908,115,20260508
2645,140,20260508
7267,100,20260508
11195,137,20260508
17136,698,20260508
192349,347,20260508
238968,104,20260508
684,684,20260508
2487,117,20260508
255310,225,20260508
175263,107,20260508
98197,139,20260508
162660,307,20260508
15731,195,20260508
22644,106,20260508
394751,110,20260508
3127,130,20260508
246754,120,20260508
1778,101,20260508
32016,226,20260508
31380,154,20260508
291048,134,20260508
5966,355,20260508
185331,158,20260508
4000,106,20260508
152761,114,20260508
20810,125,20260508
144631,131,20260508
34342,146,20260508
1291,150,20260508
428639,130,20260508
419669,107,20260508
103638,138,20260508
202589,122,20260508
6766,107,20260508
39802,184,20260508
1007,181,20260508
6824,182,20260508
16499,1076,20260508
182090,170,20260508
3065,207,20260508
137931,353,20260508
4445,113,20260508
3958,141,20260508
6660,115,20260508
8816,222,20260508
33359,117,20260508
3417,109,20260508
15139,167,20260508
32245,133,20260508
1087,145,20260508
124647,163,20260508
248157,136,20260508
103937,113,20260508
138748,206,20260508
380178,182,20260508
192352,173,20260508
259897,104,20260508
4213,467,20260508
2942,213,20260508
356115,103,20260508
157673,159,20260508
139137,353,20260508
6272,160,20260508
2038,152,20260508
283217,248,20260508
210937,112,20260508
11899,111,20260508
218632,135,20260508
3926,100,20260508
27291,146,20260508
277154,100,20260508
191364,344,20260508
168446,114,20260508
220199,165,20260508
297734,167,20260508
43041,192,20260508
347702,219,20260508
18765,184,20260508
3059,381,20260508
165552,148,20260508
290822,175,20260508
186905,258,20260508
12956,318,20260508
161887,108,20260508
15407,129,20260508
168728,105,20260508
104633,232,20260508
238912,115,20260508
456356,141,20260508
13972,802,20260508
131450,100,20260508
180292,116,20260508
246814,107,20260508
110160,265,20260508
35256,138,20260508
153509,150,20260508
2139,402,20260508
166026,229,20260508
1211,243,20260508
37680,142,20260508
2940,601,20260508
6610,108,20260508
276817,130,20260508
17962,136,20260508
8193,100,20260508
172410,128,20260508
1859,527,20260508
35017,123,20260508
12372,180,20260508
5382,200,20260508
256397,170,20260508
218460,105,20260508
877,164,20260508
269573,143,20260508
8471,100,20260508
182556,135,20260508
3465,108,20260508
27408,126,20260508
208661,109,20260508
333,2198,20260508
186442,127,20260508
194536,157,20260508
2203,116,20260508
178028,114,20260508
129290,111,20260508
283363,111,20260508
93577,167,20260508
5039,132,20260508
2195,114,20260508
94571,162,20260508
163478,116,20260508
33962,125,20260508
1138,100,20260508
166,142,20260508
4646,115,20260508
186265,1269,20260508
6810,205,20260508
117823,162,20260508
169984,114,20260508
3914,196,20260508
3801,559,20260508
29352,198,20260508
346747,222,20260508
2364,132,20260508
29317,143,20260508
175592,439,20260508
40853,188,20260508
2760,130,20260508
136415,256,20260508
1325,151,20260508
40801,138,20260508
29118,115,20260508
157586,141,20260508
20645,182,20260508
209649,126,20260508
17517,397,20260508
127994,251,20260508
137332,130,20260508
25677,474,20260508
262370,147,20260508
10291,176,20260508
5298,665,20260508
25004,150,20260508
8892,175,20260508
1354,155,20260508
23656,340,20260508
197066,121,20260508
126728,132,20260508
119639,128,20260508
46957,220,20260508
87288,219,20260508
80296,111,20260508
8128,382,20260508
158851,269,20260508
145304,169,20260508
231674,294,20260508
8930,139,20260508
32154,251,20260508
69602,373,20260508
19796,388,20260508
217230,115,20260508
35674,143,20260508
41573,188,20260508
142653,110,20260508
40417,164,20260508
441788,131,20260508
31767,143,20260508
19046,246,20260508
261449,110,20260508
19392,113,20260508
11464,122,20260508
5837,157,20260508
1686,155,20260508
148581,119,20260508
25920,150,20260508
22048,101,20260508
8324,194,20260508
349494,100,20260508
145209,120,20260508
13295,115,20260508
15509,204,20260508
15311,445,20260508
36523,175,20260508
5554,136,20260508
240108,158,20260508
182168,168,20260508
260901,102,20260508
265571,277,20260508
34014,114,20260508
193628,112,20260508
4329,246,20260508
189434,108,20260508
40083,101,20260508
220198,118,20260508
6047,114,20260508
12964,151,20260508
112210,404,20260508
900,123,20260508
4268,172,20260508
116948,282,20260508
219359,108,20260508
542,1200,20260508
108711,169,20260508
8945,175,20260508
31159,448,20260508
10196,254,20260508
54745,174,20260508
12317,122,20260508
1512,140,20260508
53279,103,20260508
3373,154,20260508
3077,124,20260508
392173,425,20260508
384152,105,20260508
3091,209,20260508
146204,101,20260508
112844,235,20260508
2674,109,20260508
455,103,20260508
5957,175,20260508
193328,741,20260508
2401,245,20260508
24245,159,20260508
19028,190,20260508
9284,176,20260508
495,262,20260508
12291,310,20260508
146597,188,20260508
23695,134,20260508
159507,146,20260508
207310,346,20260508
3626,136,20260508
761,571,20260508
7493,132,20260508
19957,453,20260508
2637,126,20260508
67609,196,20260508
159003,296,20260508
429963,105,20260508
42980,251,20260508
42360,153,20260508
307369,123,20260508
20499,175,20260508
207911,335,20260508
239189,166,20260508
194496,101,20260508
159536,177,20260508
10915,159,20260508
4555,116,20260508
288648,153,20260508
218236,150,20260508
2974,146,20260508
173800,241,20260508
2937,215,20260508
40629,567,20260508
233048,102,20260508
15431,123,20260508
103714,243,20260508
135107,153,20260508
3585,238,20260508
21613,497,20260508
188347,413,20260508
11394,167,20260508
224656,119,20260508
80028,129,20260508
163119,182,20260508
117862,100,20260508
125148,384,20260508
141102,124,20260508
141087,193,20260508
149322,113,20260508
2428,380,20260508
1981,101,20260508
147445,138,20260508
42636,130,20260508
330881,143,20260508
32409,252,20260508
7097,170,20260508
24779,103,20260508
3575,236,20260508
1162,115,20260508
227837,100,20260508
88900,141,20260508
146707,110,20260508
140386,171,20260508
16184,221,20260508
90919,109,20260508
8997,102,20260508
121295,111,20260508
171087,100,20260508
221643,296,20260508
289370,108,20260508
20146,102,20260508
2854,135,20260508
172064,112,20260508
130682,172,20260508
166650,263,20260508
32751,201,20260508
254546,127,20260508
2972,406,20260508
32683,151,20260508
66551,117,20260508
382444,157,20260508
49435,237,20260508
6383,243,20260508
281417,493,20260508
482,447,20260508
28246,163,20260508
216907,132,20260508
91759,184,20260508
47462,241,20260508
37376,412,20260508
1908,128,20260508
151985,114,20260508
76684,190,20260508
378599,124,20260508
1450,201,20260508
1207,130,20260508
92497,240,20260508
5886,121,20260508
283521,177,20260508
266747,123,20260508
3209,100,20260508
271040,129,20260508
5012,142,20260508
151396,103,20260508
331343,122,20260508
16500,386,20260508
143780,116,20260508
136585,115,20260508
176502,177,20260508
2856,166,20260508
328569,121,20260508
193695,163,20260508
220624,117,20260508
179574,127,20260508
8332,101,20260508
15830,548,20260508
253861,146,20260508
184473,121,20260508
65556,247,20260508
132717,113,20260508
111327,117,20260508
144865,256,20260508
195,115,20260508
31216,158,20260508
25567,107,20260508
20138,115,20260508
30952,295,20260508
9681,165,20260508
5308,122,20260508
174,272,20260508
264282,178,20260508
18117,221,20260508
352164,128,20260508
406,110,20260508
83117,119,20260508
731,110,20260508
13513,153,20260508
462,128,20260508
5640,138,20260508
22080,135,20260508
1672,162,20260508
230910,106,20260508
7051,114,20260508
104617,146,20260508
36690,201,20260508
194079,124,20260508
390151,341,20260508
379343,593,20260508
359132,176,20260508
336207,134,20260508
151410,157,20260508
54395,292,20260508
1559,105,20260508
117987,178,20260508
22122,101,20260508
1031,286,20260508
61470,819,20260508
12296,521,20260508
169459,205,20260508
3357,125,20260508
2537,386,20260508
4606,451,20260508
17700,144,20260508
30741,226,20260508
286001,193,20260508
148940,116,20260508
377947,216,20260508
183881,102,20260508
172035,141,20260508
83278,162,20260508
109456,169,20260508
1247,103,20260508
286829,118,20260508
2394,8166,20260508
121787,286,20260508
119856,193,20260508
257598,189,20260508
251445,184,20260508
175739,316,20260508
13284,276,20260508
2169,159,20260508
36985,130,20260508
94484,100,20260508
344177,159,20260508
295796,147,20260508
5998,101,20260508
7553,321,20260508
119472,140,20260508
168895,130,20260508
276622,184,20260508
211175,123,20260508
1099,1005,20260508
159087,138,20260508
223674,328,20260508
794,192,20260508
40651,256,20260508
8725,108,20260508
15121,234,20260508
386188,119,20260508
22169,214,20260508
168204,111,20260508
187550,148,20260508
41834,105,20260508
12633,324,20260508
5304,164,20260508
1267,128,20260508
124954,371,20260508
22799,103,20260508
135431,206,20260508
282341,108,20260508
1522,251,20260508
2143,167,20260508
36560,108,20260508
181245,109,20260508
12544,135,20260508
29626,188,20260508
229319,185,20260508
69292,108,20260508
6977,211,20260508
104234,265,20260508
39180,203,20260508
15880,346,20260508
150539,199,20260508
24168,178,20260508
27674,207,20260508
223763,177,20260508
307,188,20260508
23292,111,20260508
41898,123,20260508
1240,156,20260508
15738,463,20260508
181615,121,20260508
603,100,20260508
7270,271,20260508
1322,123,20260508
311918,418,20260508
274906,101,20260508
211047,126,20260508
18902,171,20260508
346101,161,20260508
146146,128,20260508
65889,176,20260508
1397,112,20260508
180489,136,20260508
19114,123,20260508
206851,148,20260508
34958,114,20260508
32164,190,20260508
14001,103,20260508
5465,152,20260508
137017,107,20260508
5882,107,20260508
165551,114,20260508
38340,203,20260508
138201,203,20260508
1998,160,20260508
19914,149,20260508
19120,111,20260508
8497,233,20260508
24998,222,20260508
5709,445,20260508
21677,124,20260508
12304,216,20260508
437821,184,20260508
20781,159,20260508
351515,190,20260508
254695,165,20260508
17521,608,20260508
4221,298,20260508
1006,133,20260508
2190,200,20260508
1407,283,20260508
171447,193,20260508
336,228,20260508
173637,186,20260508
2499,132,20260508
40115,106,20260508
38359,595,20260508
13648,168,20260508
5646,208,20260508
1480,103,20260508
7259,113,20260508
27387,106,20260508
13115,242,20260508
149112,138,20260508
4119,125,20260508
24387,203,20260508
56244,113,20260508
63900,210,20260508
333515,130,20260508
137152,127,20260508
125028,807,20260508
286141,132,20260508
1654,112,20260508
108554,134,20260508
24795,216,20260508
86270,145,20260508
124378,101,20260508
240463,411,20260508
16067,132,20260508
9049,161,20260508
2598,487,20260508
4402,183,20260508
160413,121,20260508
326804,185,20260508
136117,519,20260508
22571,111,20260508
3089,159,20260508
341308,146,20260508
303650,617,20260508
378926,137,20260508
130624,112,20260508
162071,141,20260508
14032,373,20260508
23334,559,20260508
141725,246,20260508
1414,144,20260508
233673,105,20260508
254227,164,20260508
42702,550,20260508
3668,181,20260508
20018,169,20260508
2110,118,20260508
20832,275,20260508
195205,308,20260508
133633,171,20260508
11760,350,20260508
13164,172,20260508
252892,182,20260508
3271,150,20260508
10962,164,20260508
154642,138,20260508
32968,247,20260508
7334,124,20260508
21729,113,20260508
4257,158,20260508
8970,135,20260508
147721,168,20260508
77344,121,20260508
2002,150,20260508
373562,110,20260508
37988,345,20260508
39,115,20260508
3189,129,20260508
34745,331,20260508
299191,136,20260508
98472,181,20260508
2897,173,20260508
38897,251,20260508
210044,128,20260508
2243,17618,20260508
6235,239,20260508
35247,189,20260508
42969,163,20260508
33406,152,20260508
147685,228,20260508
279646,130,20260508
176872,102,20260508
41783,126,20260508
399757,384,20260508
286547,262,20260508
22268,126,20260508
13576,104,20260508
175855,101,20260508
181616,138,20260508
3525,100,20260508
249047,128,20260508
4519,164,20260508
13490,108,20260508
2718,829,20260508
176286,136,20260508
18499,116,20260508
94002,106,20260508
4219,178,20260508
228740,130,20260508
167892,129,20260508
3273,117,20260508
997,106,20260508
361457,275,20260508
28298,123,20260508
165796,173,20260508
177048,132,20260508
17166,411,20260508
3633,2870,20260508
191110,159,20260508
24487,103,20260508
19115,180,20260508
281429,110,20260508
355739,124,20260508
19876,268,20260508
23576,138,20260508
206082,152,20260508
169256,116,20260508
471,125,20260508
32107,171,20260508
149324,106,20260508
76546,132,20260508
8335,102,20260508
34277,112,20260508
8998,101,20260508
5585,537,20260508
376656,113,20260508
16160,132,20260508
22254,122,20260508
2946,172,20260508
221263,146,20260508
84173,147,20260508
1330,415,20260508
103828,116,20260508
373107,339,20260508
231966,403,20260508
194820,169,20260508
41095,273,20260508
1063,111,20260508
172310,266,20260508
4502,101,20260508
427787,123,20260508
217425,111,20260508
124833,340,20260508
337833,104,20260508
6647,115,20260508
8319,154,20260508
291236,357,20260508
13464,495,20260508
6718,127,20260508
24932,195,20260508
33599,114,20260508
5272,160,20260508
294348,252,20260508
857,163,20260508
2962,387,20260508
241490,108,20260508
129609,103,20260508
9583,115,20260508
37498,107,20260508
182049,108,20260508
9710,102,20260508
4096,189,20260508
9201,688,20260508
37168,115,20260508
256375,179,20260508
1636,166,20260508
42006,139,20260508
258752,106,20260508
150925,198,20260508
10960,100,20260508
3846,117,20260508
31069,169,20260508
295687,108,20260508
89931,107,20260508
424225,187,20260508
1306,156,20260508
32495,155,20260508
653,120,20260508
958,279,20260508
173005,115,20260508
306032,157,20260508
10565,123,20260508
191043,100,20260508
5715,139,20260508
40480,135,20260508
22790,161,20260508
19040,169,20260508
207975,103,20260508
7960,229,20260508
535,206,20260508
183532,109,20260508
595,170,20260508
1941,116,20260508
197451,402,20260508
137244,116,20260508
32194,123,20260508
38981,189,20260508
63899,102,20260508
205101,239,20260508
116596,128,20260508
12829,268,20260508
236360,726,20260508
58713,115,20260508
225313,105,20260508
254417,108,20260508
1398,231,20260508
50912,266,20260508
999,153,20260508
63897,369,20260508
9251,149,20260508
122868,121,20260508
2406,132,20260508
297345,113,20260508
160067,192,20260508
28717,134,20260508
341484,135,20260508
2821,810,20260508
167669,151,20260508
21150,372,20260508
42691,217,20260508
408,302,20260508
3314,111,20260508
27800,418,20260508
36649,242,20260508
8522,1314,20260508
109105,150,20260508
125326,319,20260508
131006,103,20260508
2819,675,20260508
2148,127,20260508
113312,131,20260508
8593,615,20260508
140271,465,20260508
340813,109,20260508
214343,149,20260508
26516,243,20260508
58696,170,20260508
131530,165,20260508
109252,254,20260508
11573,158,20260508
255618,543,20260508
72482,411,20260508
4922,244,20260508
147523,209,20260508
192353,139,20260508
140675,141,20260508
109932,901,20260508
556,108,20260508
356303,168,20260508
4598,248,20260508
254341,126,20260508
195195,100,20260508
183508,166,20260508
119500,224,20260508
16153,248,20260508
244268,122,20260508
367512,159,20260508
293586,191,20260508
2669,608,20260508
4023,252,20260508
15031,110,20260508
21809,185,20260508
5244,117,20260508
220741,136,20260508
37349,282,20260508
368126,106,20260508
2771,371,20260508
24002,272,20260508
31057,122,20260508
5996,174,20260508
4561,110,20260508
257851,105,20260508
41890,160,20260508
40507,173,20260508
42892,612,20260508
345435,213,20260508
127048,118,20260508
169502,107,20260508
163685,231,20260508
16873,107,20260508
296291,110,20260508
13460,146,20260508
27155,582,20260508
4893,123,20260508
6873,162,20260508
10999,116,20260508
4558,182,20260508
4282,509,20260508
1524,188,20260508
209378,100,20260508
148040,109,20260508
208533,153,20260508
92646,120,20260508
386,1349,20260508
42368,146,20260508
4374,102,20260508
297,127,20260508
400,151,20260508
134615,151,20260508
126206,109,20260508
10293,524,20260508
24627,438,20260508
11585,131,20260508
288920,127,20260508
236905,232,20260508
40247,112,20260508
2492,132,20260508
103191,220,20260508
38504,347,20260508
32431,142,20260508
6531,323,20260508
38950,293,20260508
346630,178,20260508
110525,137,20260508
30239,254,20260508
23598,169,20260508
32471,402,20260508
446426,113,20260508
11883,257,20260508
2258,212,20260508
9017,128,20260508
174065,178,20260508
65581,124,20260508
415508,177,20260508
259310,156,20260508
1417,735,20260508
21249,101,20260508
2311,236,20260508
954,127,20260508
175458,366,20260508
154602,424,20260508
144066,106,20260508
154553,127,20260508
12420,103,20260508
425254,249,20260508
14423,125,20260508
180939,201,20260508
137201,111,20260508
674,101,20260508
296576,290,20260508
169045,101,20260508
41186,1254,20260508
9227,123,20260508
38337,104,20260508
26778,115,20260508
139779,121,20260508
171547,106,20260508
1723,179,20260508
127,224,20260508
11037,132,20260508
9388,284,20260508
449294,183,20260508
371787,121,20260508
118315,160,20260508
67948,123,20260508
18464,145,20260508
329230,234,20260508
5430,167,20260508
3324,128,20260508
1126,810,20260508
18064,457,20260508
94684,134,20260508
2314,105,20260508
605,171,20260508
19991,124,20260508
21631,147,20260508
26522,176,20260508
131221,169,20260508
353,557,20260508
18498,115,20260508
76065,235,20260508
16141,178,20260508
60579,1905,20260508
41646,145,20260508
98203,115,20260508
19616,147,20260508
97824,167,20260508
224664,124,20260508
188129,109,20260508
175497,243,20260508
4745,162,20260508
31512,274,20260508
1299,1091,20260508
172480,214,20260508
21705,209,20260508
119622,230,20260508
28508,196,20260508
1703,116,20260508
3090,243,20260508
3941,159,20260508
146496,225,20260508
62854,101,20260508
75,1443,20260508
89927,180,20260508
1607,333,20260508
256479,223,20260508
169558,226,20260508
6731,157,20260508
209284,179,20260508
2348,238,20260508
89976,185,20260508
2792,381,20260508
33569,154,20260508
2866,326,20260508
6513,184,20260508
10869,377,20260508
4279,298,20260508
13951,103,20260508
16191,268,20260508
120264,135,20260508
14361,148,20260508
6368,376,20260508
38227,224,20260508
5532,130,20260508
22085,117,20260508
31294,170,20260508
23025,138,20260508
1435,397,20260508
184383,358,20260508
82216,293,20260508
203661,230,20260508
2517,198,20260508
3850,167,20260508
309886,125,20260508
3160,108,20260508
813,217,20260508
261307,114,20260508
13478,117,20260508
185497,268,20260508
365470,120,20260508
2426,175,20260508
20217,113,20260508
224122,133,20260508
5662,127,20260508
207167,388,20260508
163576,481,20260508
43231,132,20260508
3427,314,20260508
3476,128,20260508
4037,176,20260508
267030,109,20260508
19484,235,20260508
13982,114,20260508
2106,164,20260508
27870,177,20260508
360,314,20260508
39552,104,20260508
8996,285,20260508
136058,184,20260508
2738,226,20260508
14342,198,20260508
280281,181,20260508
283544,103,20260508
14134,405,20260508
458805,114,20260508
125395,162,20260508
6994,349,20260508
157083,145,20260508
4076,204,20260508
1973,185,20260508
2990,174,20260508
3114,437,20260508
24009,117,20260508
13817,102,20260508
329227,376,20260508
154298,117,20260508
237153,192,20260508
138195,128,20260508
85394,361,20260508
260815,125,20260508
371410,121,20260508
14992,761,20260508
67486,294,20260508
20096,225,20260508
234465,230,20260508
13367,165,20260508
32743,369,20260508
146104,103,20260508
72630,106,20260508
2750,1647,20260508
5856,294,20260508
153116,159,20260508
131389,106,20260508
3378,377,20260508
159437,156,20260508
98189,101,20260508
5312,585,20260508
149328,217,20260508
55279,218,20260508
2331,160,20260508
32679,129,20260508
9912,229,20260508
14132,140,20260508
66251,137,20260508
66590,341,20260508
32992,114,20260508
71837,151,20260508
139769,147,20260508
148517,167,20260508
212310,199,20260508
13682,185,20260508
302238,248,20260508
71402,106,20260508
28472,110,20260508
89222,138,20260508
72535,159,20260508
120268,169,20260508
14953,323,20260508
19466,152,20260508
14812,138,20260508
58253,220,20260508
2916,123,20260508
145401,111,20260508
70653,200,20260508
264714,100,20260508
14379,623,20260508
4509,122,20260508
69175,112,20260508
159044,260,20260508
12043,109,20260508
154008,113,20260508
151367,226,20260508
2566,128,20260508
4105,156,20260508
367033,238,20260508
7463,121,20260508
82449,187,20260508
20525,116,20260508
356,222,20260508
95893,301,20260508
6953,193,20260508
33964,163,20260508
255027,139,20260508
313070,103,20260508
4384,114,20260508
375,139,20260508
137669,409,20260508
795,441,20260508
11628,231,20260508
266031,103,20260508
72766,477,20260508
2557,1444,20260508
92094,202,20260508
13309,101,20260508
4477,122,20260508
206540,272,20260508
367,286,20260508
174988,116,20260508
9559,153,20260508
46147,410,20260508
241245,490,20260508
12876,163,20260508
170395,178,20260508
157979,150,20260508
144790,113,20260508
42920,193,20260508
3636,119,20260508
235247,193,20260508
124960,324,20260508
4150,161,20260508
1464,135,20260508
283482,132,20260508
1517,130,20260508
2156,298,20260508
117784,172,20260508
55597,880,20260508
24786,135,20260508
133687,125,20260508
299249,376,20260508
25144,143,20260508
61,688,20260508
8636,295,20260508
6363,121,20260508
68606,658,20260508
2799,105,20260508
16052,106,20260508
289020,343,20260508
13714,234,20260508
1249,269,20260508
1497,336,20260508
200783,323,20260508
74936,104,20260508
349129,102,20260508
65134,350,20260508
32678,190,20260508
13260,116,20260508
126703,245,20260508
40871,400,20260508
10283,187,20260508
214224,229,20260508
2446,243,20260508
29142,110,20260508
197909,178,20260508
246015,117,20260508
34173,138,20260508
159452,208,20260508
66603,111,20260508
23870,104,20260508
175846,477,20260508
132320,157,20260508
152867,143,20260508
224751,178,20260508
144036,784,20260508
3319,176,20260508
198147,127,20260508
10575,122,20260508
1503,125,20260508
4864,1546,20260508
4382,178,20260508
16860,100,20260508
36634,213,20260508
89956,183,20260508
22839,113,20260508
348250,310,20260508
198305,119,20260508
7860,121,20260508
163170,750,20260508
4442,157,20260508
146596,140,20260508
15020,148,20260508
32680,144,20260508
242289,143,20260508
368733,204,20260508
24116,211,20260508
209551,189,20260508
111299,126,20260508
158256,127,20260508
13886,205,20260508
104527,132,20260508
16226,352,20260508
188601,363,20260508
3640,183,20260508
38694,196,20260508
112692,126,20260508
11147,176,20260508
6798,214,20260508
101718,260,20260508
4578,111,20260508
401303,211,20260508
448450,161,20260508
171626,159,20260508
116975,104,20260508
4162,196,20260508
252555,129,20260508
2280,158,20260508
135648,475,20260508
8567,127,20260508
287655,151,20260508
425685,171,20260508
20005,192,20260508
35294,132,20260508
417334,195,20260508
948,229,20260508
50458,223,20260508
38154,341,20260508
180459,245,20260508
785,136,20260508
92776,456,20260508
94486,113,20260508
3574,110,20260508
5166,128,20260508
158918,395,20260508
30379,451,20260508
38577,120,20260508
161928,325,20260508
24473,523,20260508
7958,114,20260508
1225,162,20260508
1437,136,20260508
4696,140,20260508
33876,352,20260508
283229,142,20260508
8308,169,20260508
189520,124,20260508
342762,113,20260508
3194,137,20260508
193049,101,20260508
2144,130,20260508
9725,163,20260508
154476,394,20260508
194032,171,20260508
32157,123,20260508
221644,283,20260508
8393,104,20260508
5423,134,20260508
128028,170,20260508
866,194,20260508
25412,294,20260508
6010,121,20260508
151887,116,20260508
100670,107,20260508
62,359,20260508
1255,121,20260508
207311,103,20260508
33967,177,20260508
20790,273,20260508
2496,117,20260508
20634,222,20260508
32849,110,20260508
3889,187,20260508
36231,174,20260508
27961,518,20260508
137167,211,20260508
427063,110,20260508
1964,453,20260508
373383,145,20260508
55706,116,20260508
252544,154,20260508
257074,250,20260508
1216,203,20260508
193329,159,20260508
8173,136,20260508
2253,260,20260508
232831,396,20260508
29582,198,20260508
2458,296,20260508
360747,170,20260508
120515,986,20260508
140830,116,20260508
249414,262,20260508
1178,300,20260508
46746,169,20260508
180920,248,20260508
8860,244,20260508
16985,135,20260508
13350,147,20260508
151847,249,20260508
187787,363,20260508
158232,101,20260508
16498,661,20260508
205226,351,20260508
7821,120,20260508
235251,331,20260508
152902,172,20260508
6868,113,20260508
40503,239,20260508
23249,182,20260508
39415,143,20260508
46743,161,20260508
73228,125,20260508
1482,344,20260508
13328,1046,20260508
17709,877,20260508
20589,170,20260508
40974,105,20260508
12634,218,20260508
179701,128,20260508
414816,122,20260508
43890,108,20260508
5878,303,20260508
21859,370,20260508
4770,128,20260508
8813,137,20260508
3352,232,20260508
41334,169,20260508
35524,278,20260508
927,166,20260508
254419,239,20260508
354720,137,20260508
6474,137,20260508
5354,143,20260508
121414,142,20260508
2099,112,20260508
8295,143,20260508
23631,300,20260508
123991,213,20260508
165283,300,20260508
8337,121,20260508
339466,364,20260508
403133,135,20260508
146864,114,20260508
171424,302,20260508
143869,178,20260508
3910,262,20260508
20182,221,20260508
119316,174,20260508
232944,253,20260508
1514,201,20260508
180975,277,20260508
8915,235,20260508
9802,171,20260508
6210,113,20260508
271042,473,20260508
40851,219,20260508
145943,203,20260508
194228,177,20260508
23671,293,20260508
95765,197,20260508
8450,528,20260508
56246,123,20260508
7556,132,20260508
1574,893,20260508
12623,236,20260508
20040,212,20260508
2766,293,20260508
181,38622,20260508
17687,132,20260508
370139,224,20260508
36895,123,20260508
1771,207,20260508
6800,265,20260508
138091,112,20260508
9090,150,20260508
3004,113,20260508
34583,429,20260508
10831,102,20260508
420793,285,20260508
136554,355,20260508
5468,248,20260508
2957,247,20260508
20281,119,20260508
7710,153,20260508
12237,272,20260508
2197,474,20260508
4242,132,20260508
4889,155,20260508
302584,104,20260508
334,842,20260508
237329,115,20260508
27668,101,20260508
1174,145,20260508
155464,137,20260508
204069,159,20260508
629,165,20260508
40421,156,20260508
55,106,20260508
145842,897,20260508
264660,174,20260508
6388,183,20260508
2777,119,20260508
1629,343,20260508
4902,113,20260508
129469,535,20260508
4597,217,20260508
2855,174,20260508
283124,237,20260508
7563,137,20260508
194960,172,20260508
129939,111,20260508
132203,140,20260508
286126,173,20260508
76668,107,20260508
155157,328,20260508
1706,165,20260508
2115,336,20260508
21734,104,20260508
341918,169,20260508
5425,441,20260508
3715,123,20260508
219670,140,20260508
316927,203,20260508
3584,190,20260508
1933,1378,20260508
67026,256,20260508
5259,762,20260508
5956,165,20260508
195455,268,20260508
2693,266,20260508
25623,409,20260508
60311,203,20260508
1969,134,20260508
193488,108,20260508
185,726,20260508
10687,173,20260508
175090,105,20260508
30640,138,20260508
344017,102,20260508
75991,112,20260508
138311,509,20260508
2297,293,20260508
22629,106,20260508
42132,195,20260508
2901,240,20260508
172007,625,20260508
2303,103,20260508
191077,342,20260508
9824,192,20260508
306142,217,20260508
14736,392,20260508
38001,118,20260508
120906,181,20260508
142303,135,20260508
3028,135,20260508
716,162,20260508
46586,299,20260508
15111,300,20260508
17026,177,20260508
203967,227,20260508
1731,124,20260508
1333,711,20260508
1502,4283,20260508
5428,157,20260508
35652,239,20260508
23049,531,20260508
33020,169,20260508
250448,237,20260508
4781,182,20260508
54239,115,20260508
3606,108,20260508
31111,122,20260508
1436,315,20260508
1958,291,20260508
260942,298,20260508
107733,213,20260508
28857,107,20260508
12822,171,20260508
101425,105,20260508
240096,172,20260508
244216,111,20260508
3839,123,20260508
452,199,20260508
64875,224,20260508
200610,340,20260508
7473,107,20260508
164,1263,20260508
353921,203,20260508
4852,207,20260508
28047,253,20260508
183831,221,20260508
88691,266,20260508
19578,336,20260508
4779,222,20260508
1826,306,20260508
140840,191,20260508
15268,109,20260508
3676,285,20260508
5248,124,20260508
7400,302,20260508
5775,111,20260508
265297,121,20260508
54559,105,20260508
127798,162,20260508
66213,182,20260508
165302,126,20260508
33112,386,20260508
8964,1244,20260508
2707,126,20260508
2518,159,20260508
263189,443,20260508
1467,278,20260508
1867,450,20260508
7410,115,20260508
20801,199,20260508
12996,150,20260508
7826,193,20260508
340672,135,20260508
13703,190,20260508
24258,115,20260508
26137,103,20260508
89423,101,20260508
7927,177,20260508
2421,401,20260508
150690,233,20260508
198059,157,20260508
4470,180,20260508
27389,1656,20260508
314026,245,20260508
262381,152,20260508
22889,1475,20260508
66198,442,20260508
1556,201,20260508
224212,158,20260508
185104,637,20260508
366327,451,20260508
53376,155,20260508
13121,311,20260508
58698,135,20260508
259708,228,20260508
18399,313,20260508
107829,123,20260508
375553,319,20260508
136609,171,20260508
10925,233,20260508
191041,106,20260508
7612,100,20260508
2841,133,20260508
21702,113,20260508
331666,100,20260508
9091,148,20260508
236639,458,20260508
1972,127,20260508
1001,241,20260508
14535,523,20260508
404455,235,20260508
1190,471,20260508
8327,118,20260508
33292,101,20260508
8127,599,20260508
246744,218,20260508
313463,126,20260508
183521,360,20260508
15046,454,20260508
46745,281,20260508
2206,260,20260508
89928,121,20260508
5750,418,20260508
23959,186,20260508
31117,113,20260508
7462,252,20260508
34390,133,20260508
5260,142,20260508
19027,632,20260508
265026,133,20260508
3007,120,20260508
344425,134,20260508
151467,168,20260508
2818,1923,20260508
12642,217,20260508
9079,162,20260508
3758,259,20260508
144579,405,20260508
2166,430,20260508
2816,564,20260508
3048,592,20260508
1428,202,20260508
271349,120,20260508
2387,510,20260508
23181,289,20260508
130347,109,20260508
22019,441,20260508
2094,141,20260508
107971,107,20260508
131199,288,20260508
19990,138,20260508
136249,269,20260508
94891,420,20260508
226878,126,20260508
47082,940,20260508
39342,128,20260508
7327,104,20260508
12826,965,20260508
21123,147,20260508
64610,139,20260508
2312,222,20260508
2929,172,20260508
31936,117,20260508
7314,118,20260508
6387,225,20260508
752,121,20260508
193500,222,20260508
30393,228,20260508
238102,141,20260508
172237,226,20260508
198836,1127,20260508
27837,365,20260508
25097,160,20260508
28018,342,20260508
4355,838,20260508
295394,179,20260508
154753,123,20260508
37000,315,20260508
5472,353,20260508
8121,107,20260508
101988,147,20260508
1256,156,20260508
102859,178,20260508
5784,124,20260508
28224,139,20260508
8104,202,20260508
8598,140,20260508
66459,342,20260508
2717,169,20260508
24376,317,20260508
5591,147,20260508
380728,128,20260508
9852,663,20260508
53804,370,20260508
430572,310,20260508
1749,136,20260508
12616,659,20260508
330806,177,20260508
2294,514,20260508
57215,167,20260508
3484,376,20260508
281647,151,20260508
193592,132,20260508
2887,186,20260508
5960,210,20260508
285064,204,20260508
10043,126,20260508
129368,254,20260508
8916,236,20260508
31,883,20260508
8009,156,20260508
182077,381,20260508
8658,118,20260508
36229,127,20260508
37382,163,20260508
118339,302,20260508
26205,322,20260508
2593,7111,20260508
2356,153,20260508
69676,112,20260508
6532,113,20260508
9704,132,20260508
28905,283,20260508
10506,136,20260508
411934,134,20260508
36973,109,20260508
281,176,20260508
3320,515,20260508
9392,172,20260508
30485,152,20260508
13271,215,20260508
2817,236,20260508
17062,108,20260508
4126,141,20260508
130240,369,20260508
395512,182,20260508
36745,601,20260508
175861,195,20260508
2322,1462,20260508
43171,176,20260508
19508,236,20260508
8958,183,20260508
6614,306,20260508
305980,148,20260508
1362,378,20260508
3482,108,20260508
16807,188,20260508
6420,682,20260508
1073,334,20260508
1377,118,20260508
19811,199,20260508
28010,185,20260508
101335,153,20260508
143508,120,20260508
13782,148,20260508
1510,230,20260508
116593,208,20260508
16232,157,20260508
15505,251,20260508
6764,124,20260508
14538,123,20260508
352375,262,20260508
146275,327,20260508
5232,172,20260508
14191,159,20260508
3820,149,20260508
42968,133,20260508
23946,141,20260508
3529,483,20260508
173899,102,20260508
70329,101,20260508
2275,175,20260508
2234,513,20260508
1308,698,20260508
2431,186,20260508
17965,165,20260508
7709,177,20260508
343274,325,20260508
37305,255,20260508
145259,243,20260508
6521,557,20260508
1439,649,20260508
1902,109,20260508
4062,295,20260508
2578,1184,20260508
1647,108,20260508
11618,1013,20260508
202254,229,20260508
27826,434,20260508
8041,994,20260508
13356,101,20260508
1613,1533,20260508
11778,227,20260508
4376,614,20260508
1837,349,20260508
86073,2936,20260508
8432,229,20260508
2242,362,20260508
218722,391,20260508
15832,438,20260508
16387,129,20260508
209945,212,20260508
10613,160,20260508
29505,147,20260508
3696,132,20260508
1326,298,20260508
166658,174,20260508
18750,362,20260508
128185,309,20260508
144557,294,20260508
5824,737,20260508
141035,302,20260508
13508,159,20260508
93522,152,20260508
3344,149,20260508
7720,291,20260508
39564,724,20260508
19409,208,20260508
3549,141,20260508
3736,113,20260508
8031,154,20260508
258723,225,20260508
103261,191,20260508
15804,127,20260508
4694,166,20260508
7422,106,20260508
170274,222,20260508
23694,214,20260508
2482,152,20260508
173075,388,20260508
137336,218,20260508
95710,349,20260508
353799,174,20260508
191624,461,20260508
32670,115,20260508
5253,200,20260508
378010,195,20260508
1855,1213,20260508
13373,152,20260508
180024,169,20260508
27960,168,20260508
19560,153,20260508
786,159,20260508
2485,222,20260508
40347,378,20260508
10815,333,20260508
101420,234,20260508
193141,134,20260508
4476,161,20260508
46744,215,20260508
305984,741,20260508
154343,335,20260508
5029,608,20260508
118955,171,20260508
9516,152,20260508
155693,1385,20260508
2484,461,20260508
231954,115,20260508
162093,568,20260508
84730,200,20260508
13285,310,20260508
46748,195,20260508
3702,547,20260508
311659,392,20260508
46747,208,20260508
152488,101,20260508
4110,127,20260508
136143,275,20260508
24000,297,20260508
5758,738,20260508
133425,180,20260508
4040,3337,20260508
8983,391,20260508
94481,254,20260508
6090,338,20260508
36783,471,20260508
1217,288,20260508
6749,306,20260508
65262,822,20260508
9812,147,20260508
313822,176,20260508
310408,124,20260508
2573,663,20260508
698,212,20260508
2740,301,20260508
9464,263,20260508
3122,103,20260508
3886,1906,20260508
2000,153,20260508
9921,171,20260508
12545,442,20260508
350604,138,20260508
5129,127,20260508
137550,323,20260508
14076,195,20260508
320275,178,20260508
9666,243,20260508
7584,250,20260508
15064,539,20260508
206274,116,20260508
8784,239,20260508
1170,202,20260508
12422,318,20260508
379644,137,20260508
313442,239,20260508
185154,310,20260508
12746,134,20260508
158917,304,20260508
6284,280,20260508
172032,512,20260508
278139,164,20260508
295484,213,20260508
4229,652,20260508
12063,964,20260508
167715,217,20260508
128565,668,20260508
180611,149,20260508
2130,373,20260508
8486,216,20260508
1730,416,20260508
27190,276,20260508
1817,303,20260508
1147,342,20260508
21239,591,20260508
3419,186,20260508
6668,126,20260508
28718,197,20260508
150811,311,20260508
4587,351,20260508
8633,680,20260508
3285,343,20260508
1692,699,20260508
2086,902,20260508
3515,145,20260508
265316,147,20260508
198447,839,20260508
3602,318,20260508
29653,131,20260508
17451,225,20260508
8039,451,20260508
6201,305,20260508
13945,801,20260508
214899,272,20260508
5650,126,20260508
1962,1337,20260508
115793,197,20260508
6898,215,20260508
4165,146,20260508
313850,167,20260508
5457,1060,20260508
3845,521,20260508
2980,262,20260508
10320,181,20260508
10213,332,20260508
149051,167,20260508
5788,115,20260508
5122,666,20260508
53317,597,20260508
218358,182,20260508
13805,144,20260508
18041,140,20260508
7822,164,20260508
137348,127,20260508
27959,172,20260508
24224,474,20260508
198961,446,20260508
204887,127,20260508
287810,378,20260508
11670,285,20260508
89340,355,20260508
152955,156,20260508
202771,340,20260508
3347,1418,20260508
4907,537,20260508
18901,521,20260508
6787,305,20260508
2878,252,20260508
3699,6047,20260508
5367,350,20260508
32236,204,20260508
260143,150,20260508
313121,409,20260508
166081,461,20260508
337503,133,20260508
21389,407,20260508
6552,819,20260508
3394,843,20260508
1446,202,20260508
399,222,20260508
10502,687,20260508
11415,653,20260508
93688,718,20260508
8569,748,20260508
9214,253,20260508
4122,635,20260508
6711,274,20260508
339107,115,20260508
316555,145,20260508
32260,258,20260508
3422,681,20260508
10709,258,20260508
2767,823,20260508
41541,741,20260508
155081,436,20260508
321928,124,20260508
23499,208,20260508
31016,3827,20260508
41259,606,20260508
101737,389,20260508
2770,985,20260508
7467,166,20260508
4041,372,20260508
17106,373,20260508
2910,111,20260508
20422,298,20260508
359194,384,20260508
125879,307,20260508
254617,639,20260508
3623,213,20260508
249816,712,20260508
329713,728,20260508
2688,215,20260508
26696,1203,20260508
196379,2004,20260508
22861,494,20260508
258302,120,20260508
10400,697,20260508
4492,1503,20260508
120426,372,20260508
10453,518,20260508
294880,203,20260508
212436,142,20260508
7972,337,20260508
154674,238,20260508
126444,1588,20260508
7098,1418,20260508
4127,185,20260508
212027,534,20260508
2979,295,20260508
29613,899,20260508
126207,552,20260508
417,359,20260508
230864,220,20260508
4004,288,20260508
17250,439,20260508
64204,1275,20260508
89962,451,20260508
2223,33786,20260508
385757,573,20260508
4845,612,20260508
1932,226,20260508
18755,532,20260508
99079,698,20260508
31145,308,20260508
24067,448,20260508
1426,1158,20260508
5546,566,20260508
10712,390,20260508
231939,413,20260508
172307,794,20260508
50849,389,20260508
1422,234,20260508
3804,1467,20260508
404427,258,20260508
4367,227,20260508
18686,362,20260508
4910,499,20260508
1527,476,20260508
152758,514,20260508
7320,458,20260508
193295,390,20260508
11416,408,20260508
211534,5437,20260508
40508,1778,20260508
175512,185,20260508
89953,926,20260508
189489,184,20260508
3934,529,20260508
8487,381,20260508
42050,647,20260508
7308,511,20260508
6549,410,20260508
2502,131,20260508
36611,436,20260508
10715,312,20260508
155250,275,20260508
2004,436,20260508
38558,302,20260508
35173,367,20260508
9851,2128,20260508
2318,748,20260508
3052,470,20260508
29096,753,20260508
258855,506,20260508
352997,548,20260508
5015,393,20260508
3074,377,20260508
6535,544,20260508
65611,2865,20260508
32032,985,20260508
1748,844,20260508
274056,270,20260508
1094,270,20260508
204543,648,20260508
23964,621,20260508
764,1689,20260508
4724,247,20260508
113819,1477,20260508
1511,1060,20260508
182875,784,20260508
7601,267,20260508
19370,3055,20260508
8392,671,20260508
17003,294,20260508
9004,724,20260508
141019,377,20260508
24959,324,20260508
2456,1302,20260508
1604,1686,20260508
2272,1402,20260508
276022,259,20260508
15393,393,20260508
2386,5510,20260508
24985,582,20260508
4035,921,20260508
232895,352,20260508
18905,321,20260508
2952,8500,20260508
11028,402,20260508
419763,235,20260508
1258,12060,20260508
4077,1092,20260508
677,772,20260508
3343,1559,20260508
1298,1953,20260508
6283,342,20260508
6546,1292,20260508
4888,1575,20260508
13166,838,20260508
226610,3794,20260508
246701,1659,20260508
2956,668,20260508
1824,774,20260508
1923,1970,20260508
8689,388,20260508
3728,1856,20260508
4792,735,20260508
5130,1672,20260508
12205,1635,20260508
13713,1284,20260508
3990,710,20260508
11017,1344,20260508
5749,1321,20260508
10816,2253,20260508
1797,3320,20260508
5588,1430,20260508
5314,1217,20260508
7688,3512,20260508
2719,10488,20260508
7262,1283,20260508
1931,839,20260508
5050,671,20260508
1751,1634,20260508
2083,9595,20260508
4143,7390,20260508
5339,2065,20260508
4149,940,20260508
15549,966,20260508
2785,1145,20260508
3510,1181,20260508
6424,3140,20260508
4378,1109,20260508
2425,12191,20260508
6932,1337,20260508
5894,5571,20260508
2136,6150,20260508
5895,3202,20260508
2407,7479,20260508
2679,3449,20260508
10799,2036,20260508
7682,2108,20260508
205322,4001,20260508
3737,4906,20260508
3522,2615,20260508
2921,14217,20260508
1410,4620,20260508
1406,39746,20260508
7316,2987,20260508
16398,1873,20260508
5048,5377,20260508
11901,4315,20260508
5432,5236,20260508
622,161,20260508
1528,156,20260508
2802,198,20260508
2883,280,20260508
3694,112,20260508
3935,104,20260508
4230,660,20260508
4385,442,20260508
4564,386,20260508
4848,145,20260508
5811,212,20260508
8070,106,20260508
8383,112,20260508
9151,139,20260508
10973,145,20260508
11054,100,20260508
12947,175,20260508
13454,177,20260508
15471,134,20260508
16185,112,20260508
17419,1086,20260508
20436,490,20260508
22509,116,20260508
22766,423,20260508
26138,109,20260508
30933,9380,20260508
30966,141,20260508
32928,881,20260508
39103,274,20260508
39940,105,20260508
42627,128,20260508
43262,873,20260508
45358,4807,20260508
47410,103,20260508
60056,117,20260508
60153,1108,20260508
70918,645,20260508
71099,491,20260508
89952,1824,20260508
96628,352,20260508
108687,6086,20260508
128666,390,20260508
134824,127,20260508
135193,110,20260508
135840,154,20260508
139991,1733,20260508
139993,1318,20260508
140065,103,20260508
140068,2954,20260508
140135,265,20260508
140709,607,20260508
140711,1316,20260508
141007,954,20260508
141008,501,20260508
142039,1191,20260508
142057,1295,20260508
142131,1077,20260508
142132,111,20260508
143147,1801,20260508
144464,185,20260508
144845,112,20260508
147154,2231,20260508
147170,1051,20260508
147190,262,20260508
148641,348,20260508
150446,134,20260508
151377,107,20260508
152242,2194,20260508
152959,1458,20260508
153703,121,20260508
153912,694,20260508
154432,297,20260508
154597,15072,20260508
154883,331,20260508
155731,1512,20260508
156455,836,20260508
157723,867,20260508
157820,1717,20260508
158408,1048,20260508
158976,458,20260508
159500,139,20260508
159517,168,20260508
160069,5654,20260508
160094,312,20260508
160669,586,20260508
161617,1089,20260508
163105,160,20260508
164127,2233,20260508
165332,176,20260508
165469,584,20260508
167828,272,20260508
168421,233,20260508
168680,630,20260508
169814,147,20260508
170815,588,20260508
171199,284,20260508
171905,1723,20260508
171908,3568,20260508
173270,122,20260508
174226,3168,20260508
174458,562,20260508
174610,410,20260508
174852,208,20260508
175239,2523,20260508
175707,143,20260508
176103,640,20260508
176596,266,20260508
176601,117,20260508
177352,2480,20260508
180616,293,20260508
180845,195,20260508
181209,131,20260508
181289,477,20260508
181327,474,20260508
182453,689,20260508
182880,122,20260508
185257,891,20260508
185817,299,20260508
186375,1253,20260508
186567,530,20260508
186659,1462,20260508
187926,184,20260508
187988,917,20260508
188076,470,20260508
190553,193,20260508
191710,597,20260508
192663,188,20260508
193927,1308,20260508
200430,134,20260508
201856,312,20260508
203219,830,20260508
203835,187,20260508
206236,184,20260508
206593,241,20260508
207370,352,20260508
209872,301,20260508
211323,473,20260508
212956,1008,20260508
213788,231,20260508
213984,2503,20260508
214000,2296,20260508
215946,361,20260508
216123,446,20260508
216725,484,20260508
216849,1194,20260508
219774,137,20260508
222988,538,20260508
224035,943,20260508
229130,742,20260508
230914,5282,20260508
231942,303,20260508
232894,611,20260508
232900,172,20260508
236781,634,20260508
241203,131,20260508
241853,159,20260508
245200,1002,20260508
245931,1544,20260508
246912,1340,20260508
248562,8450,20260508
249703,1895,20260508
249889,218,20260508
251219,5067,20260508
251830,237,20260508
254138,175,20260508
255262,2116,20260508
255484,154,20260508
255524,122,20260508
255668,3109,20260508
255924,1855,20260508
256885,405,20260508
257089,162,20260508
259134,103,20260508
259435,140,20260508
259571,367,20260508
259586,181,20260508
260000,192,20260508
260126,111,20260508
260678,2326,20260508
260927,545,20260508
261588,116,20260508
261720,764,20260508
261901,2279,20260508
263178,232,20260508
266219,1267,20260508
266446,526,20260508
266447,632,20260508
267367,3515,20260508
269980,372,20260508
270270,156,20260508
271320,14931,20260508
272743,376,20260508
274466,1417,20260508
275564,459,20260508
275626,145,20260508
276502,573,20260508
277405,427,20260508
277448,882,20260508
278292,1688,20260508
278693,245,20260508
279643,135,20260508
280430,139,20260508
281073,512,20260508
282391,1103,20260508
282673,292,20260508
283151,324,20260508
285826,1444,20260508
285998,349,20260508
286749,7314,20260508
287671,360,20260508
288316,354,20260508
288378,234,20260508
289223,190,20260508
289843,146,20260508
290357,677,20260508
290829,144,20260508
291105,207,20260508
291794,3206,20260508
294508,279,20260508
295260,992,20260508
296100,4338,20260508
298278,100,20260508
298628,223,20260508
299104,651,20260508
299122,173,20260508
299733,509,20260508
299815,376,20260508
299971,132,20260508
302189,384,20260508
302882,344,20260508
303961,129,20260508
305668,356,20260508
306656,255,20260508
307621,304,20260508
308388,185,20260508
308762,845,20260508
309109,212,20260508
310203,716,20260508
310636,228,20260508
310779,101,20260508
311464,363,20260508
313163,138,20260508
314019,234,20260508
314349,178,20260508
314530,855,20260508
314550,119,20260508
315048,473,20260508
315252,126,20260508
315953,709,20260508
316180,131,20260508
316183,215,20260508
316344,104,20260508
317030,373,20260508
318985,1572,20260508
319031,590,20260508
319196,413,20260508
319375,305,20260508
319422,2658,20260508
321537,207,20260508
321563,134,20260508
321720,202,20260508
322045,807,20260508
323529,168,20260508
324941,136,20260508
325293,483,20260508
325941,457,20260508
326355,161,20260508
326869,670,20260508
327107,106,20260508
327242,295,20260508
327890,1108,20260508
328413,1543,20260508
328636,253,20260508
329106,260,20260508
329434,388,20260508
329591,3616,20260508
329841,4809,20260508
329954,3204,20260508
330021,392,20260508
331190,602,20260508
331259,344,20260508
331265,4019,20260508
331992,450,20260508
332398,4221,20260508
334310,188,20260508
334349,161,20260508
334479,254,20260508
334889,959,20260508
334931,903,20260508
336755,1698,20260508
336847,3398,20260508
336849,327,20260508
337796,187,20260508
338476,1492,20260508
338697,455,20260508
341504,870,20260508
345027,142,20260508
347521,745,20260508
347747,196,20260508
347802,400,20260508
348406,3670,20260508
349703,319,20260508
349955,1774,20260508
351605,1888,20260508
351735,441,20260508
355129,161,20260508
355199,461,20260508
355997,2495,20260508
356238,452,20260508
357726,1898,20260508
357813,123,20260508
358808,143,20260508
359527,444,20260508
359657,113,20260508
359999,673,20260508
360090,114,20260508
360212,423,20260508
361284,221,20260508
362800,135,20260508
363289,1324,20260508
363347,105,20260508
363622,11521,20260508
363893,222,20260508
364106,104,20260508
364405,1279,20260508
365056,1214,20260508
365128,191,20260508
365626,108,20260508
365761,333,20260508
365770,209,20260508
366748,285,20260508
367272,1075,20260508
368000,127,20260508
368079,196,20260508
368390,150,20260508
368754,207,20260508
369103,280,20260508
369258,567,20260508
370448,253,20260508
371956,170,20260508
372343,114,20260508
373597,239,20260508
374359,137,20260508
375769,501,20260508
378877,176,20260508
378887,115,20260508
378890,438,20260508
378979,1011,20260508
380707,274,20260508
381715,650,20260508
382315,251,20260508
382410,231,20260508
383300,333,20260508
386835,142,20260508
387144,256,20260508
391288,685,20260508
391720,173,20260508
393531,188,20260508
393871,270,20260508
402429,100,20260508
403494,656,20260508
405752,355,20260508
405877,123,20260508
406321,617,20260508
406322,509,20260508
406767,456,20260508
407180,166,20260508
408253,120,20260508
408724,171,20260508
408842,167,20260508
408885,119,20260508
409858,243,20260508
410226,359,20260508
410767,124,20260508
410768,195,20260508
410769,153,20260508
415843,1865,20260508
417268,165,20260508
418411,180,20260508
418470,962,20260508
418556,1537,20260508
418801,210,20260508
420068,505,20260508
420279,140,20260508
422426,138,20260508
422436,161,20260508
423586,136,20260508
424809,350,20260508
425064,106,20260508
426268,105,20260508
426945,282,20260508
427593,147,20260508
427618,115,20260508
427866,592,20260508
428031,161,20260508
428308,245,20260508
428556,113,20260508
428559,310,20260508
428908,243,20260508
429401,276,20260508
429653,702,20260508
429717,203,20260508
429842,134,20260508
432950,182,20260508
434027,258,20260508
437698,127,20260508
440147,314,20260508
440849,271,20260508
441548,273,20260508
441628,335,20260508
441706,571,20260508
442522,123,20260508
443092,149,20260508
444291,136,20260508
445050,105,20260508
447305,399,20260508
448043,165,20260508
453446,195,20260508
458332,125,20260508
465819,708,20260508
281945,100,20260508
348874,100,20260508
446523,103,20260508
322717,100,20260508
385797,101,20260508
447252,102,20260510
241805,100,20260510
48863,100,20260510
549,100,20260510
457724,101,20260510
135530,100,20260510
428191,101,20260510
4510,100,20260510
67426,100,20260510
4222,100,20260510
413389,100,20260510
444489,101,20260510
